0.125704416417295,-0.101299069507294
-0.0758076859869565,-0.13401391528904
-0.0865966172016269,0.123595336731467
0.13596703422599,-0.0783537882691678
0.115600783499943,0.242442396498076
0.122709518221641,0.15854423558963
0.0774559552669724,-0.0595099323543401
0.0109441024732996,-0.0245087673537853
0.0589611661362613,-0.0919792059162518
-0.0679981262821568,-0.230549417859257
0.0865012105844354,0.170567482591435
0.015635903561903,-0.0850509785409407
0.0173967019061804,0.106096836687048
-0.00612839573387532,-0.0110906020906876
-0.170666011319216,-0.0335121966094083
-0.115218568735582,-0.103274478311874
0.127190945859394,0.163731676141156
0.0149372101612456,0.219962956073259
-0.0834833281559473,-0.164122640271743
0.0860185135891037,-0.0145221219063014
0.0120121723971305,0.110413576902054
0.039249785567955,0.0393247103522533
-0.109699234885389,0.022747574371622
-0.122989612074789,0.11481340447798
0.0488192420347498,0.090457672897316
0.138425026091235,-0.0766297677536285
-0.0802386424115906,0.0994457029857463
0.0466737562725739,0.0423743325843463
0.0600330918927787,0.0587431856100706
0.129005816593017,-0.0594132047256205
-0.00832508729032227,-0.119036057589059
0.0414034626837744,0.199390661409483
0.0650603757204392,-0.149990434342331
0.0465165546758668,-0.0267795369473251
0.0137859295805805,0.0505484455017637
0.193453738102804,-0.0527812785308681
-0.00951786263080053,-0.0253992322554216
-0.0966370131773788,0.000732147535884367
0.0170939751464578,0.244990441935091
0.20252898727785,-0.0282885051740289
-0.0421394762471031,0.0129850112467363
0.0374064253775456,-0.0653821424424152
-0.131558273500628,0.000478230716280711
0.0620980580077633,-0.0352903504100387
0.175303401524793,-0.0523756181753218
0.107829417300001,0.255107924309554
0.10080993964304,-0.170846666448722
0.0926765514460648,0.117026823024644
-0.0472961043313996,0.193715617160961
-0.0464414761351941,0.100880839787327
-0.0467098458689406,-0.0249013376024809
0.152249289201999,0.258995867817732
-0.031104278638595,-0.138454503840329
-0.0803953912266928,0.0920532094624966
-0.101107271277447,-0.0440803720117588
0.117824676768719,0.161964040054628
-0.100977490123473,0.153935529148321
-0.0379032101488524,-0.0084085527940474
-0.149876220067243,0.0760680323091718
0.0509727752603503,-0.0604696898948167
-0.111574040367857,-0.245956732016026
0.0868663046319192,-0.15123677699334
-0.0100514831960164,0.00281198518266339
-0.122501265759562,0.0717191801251537
0.049565887758533,0.152886766866043
-0.107479738431949,-0.0171562215492754
0.0864217065381422,0.180540977466552
-0.00107588334097049,0.0384913072626389
-0.0230911566771754,0.0154140019754315
-0.147522606445092,-0.142265977570203
-0.0249523903801792,0.0241597891926196
-0.107618759527994,0.0421861579179221
-0.173031434321971,-0.240023442877843
-0.115085888719855,0.0534278428294468
-0.0243420179001493,-0.145595770286455
0.0933968691704745,-0.0153634798642126
-0.0229072158781702,-0.0596887530710098
0.0437003006078131,-0.231446889403076
-0.148326983254693,-0.0844747959848072
0.0217826649931859,-0.107060192335017
-0.0649233610934643,-0.0450897356133402
0.0608562884318195,-0.0969247548032093
-0.00580518244044978,0.135250295898597
-0.0946870814181315,-0.268320963183085
-0.0571540978172392,0.160909053773219
0.0243701456263174,-0.0520514064016153
-0.0117662368030268,-0.0833811206777007
0.1450498229716,-0.0404804737485259
0.070178930464429,0.11868903378311
-0.00280589102338646,-0.0397975494403351
-0.147633416371672,-0.0855924415542164
0.134576739212238,0.18053374628991
0.145707137463579,0.0582867316421428
-0.130384241812607,-0.198216241697467
-0.184062717011824,-0.173709048369882
0.0135137655806186,0.167770043497484
0.067859335990813,0.101772509189419
-0.0443933670192099,0.013658659267936
-0.10136723481119,-0.0219818528055493
0.012079072507804,0.0503681522256384
0.163812205211224,-0.0594307273902764
-0.135017069512786,-0.112817269205697
-0.140899321349205,-0.117681439657944
0.153470742409462,0.183523395902075
-0.16698499826758,0.0679877194510491
0.0408006758847069,-0.0612880260761674
-0.00191489113317155,0.067452379913629
0.180340401085176,0.00708322518666397
0.062794939301923,0.0987275672119664
0.00292345934115108,0.046621331626961
0.110554475809867,0.192385756705348
0.123045212761663,0.204610833962771
-0.03728781788495,-0.186578537442982
-0.0474127691266912,-0.121565792065258
-0.216301736156035,-0.0773061686471262
0.174641450555939,0.141108544244217
-0.0636850073138078,0.0319178609063921
0.0609771168197918,0.0928235648531217
-0.17596763600494,0.0939716225476941
-0.149305389878995,-0.240171752796545
0.111169630705813,0.246463925294923
-0.0579307912516316,-0.14257455385221
-0.0944914129438838,-0.0515423886924454
-0.141270882091899,-0.204306963002347
0.00684019432752951,-0.0364011855868215
0.106633623619074,0.0180098595963688
0.0878181908261652,0.248000269746347
0.140468538323444,0.141692444332975
0.0188701652878256,0.136866276848744
0.059121242334081,0.0197176664368535
0.0384671572829364,0.067991404083226
-0.17991330796196,0.0183843447662897
-0.0922867085675213,-0.0795555497923531
0.11458538133058,-0.153804425534166
-0.186332194231752,0.0158158649773521
0.0627418708859942,0.158404342018808
0.0799238774051882,-0.0452047294816453
-0.0558738184823398,-0.069104549549527
0.10755741491499,-0.00817931847806175
-0.0537693898788159,-0.168956813020938
0.0933795172335023,0.0779700058220275
-0.165598696044197,-0.0119310316798243
0.0311587590446948,-0.00165844835716086
-0.0931960405443383,-0.0912985196953195
0.0140395083057248,0.078207999999165
0.0904812662109491,-0.119461792938177
-0.0784971062531141,-0.247556162220663
0.139169731193307,0.0935608142419787
-0.139559286066011,-0.037914966260202
0.00519183059410083,0.19587177098864
0.0189732631345419,0.0120258182693714
-0.135157230609808,0.103557021826339
0.00303642577948326,0.0390101516523984
-0.0924964773450112,-0.0644460020753575
-0.133653448830045,0.0926715342799856
0.0130037451074737,-0.151166682805812
0.0558406393932353,0.100163298320308
-0.0196833531435956,-9.29143989806397e-06
0.125831370848183,-0.180366897805459
0.0841151335224773,0.266631078955112
0.0497521700620716,0.168671609413741
-0.116886681678579,-0.058394479016549
0.00911329201714582,-0.0570140038034083
0.0718804666168284,0.0976185061690086
-0.0787938382302961,-0.194987121090124
-0.135148476138413,-0.143398066635287
-0.0011538834801113,-0.118931381565096
0.0446143468715378,0.148237098280277
0.058123311643826,0.00644857768852342
0.0999745945843536,0.137336159472519
-0.0382051661311322,-0.00438382888597627
-0.151215054783026,-0.168227147643064
-0.0156845932280326,0.0402032815586121
-0.0228047374275092,-0.082311269193271
-0.0159529317803535,0.16851326212255
0.169915116295177,0.069471154392358
-0.0380731668235134,-0.12990781622218
0.134373855469272,-0.081795519329698
0.0533539586865179,-0.0177094378428153
0.132085698086899,-0.0823100655728316
0.146347405628757,-0.000961395842764931
-0.100852608521246,0.00673099282762529
-0.145270364292662,0.0701313213832131
0.139370840568067,-0.0785077413286618
0.0589715029173872,-0.126607358796122
0.162911617896527,0.159761751869873
0.00973607754162201,0.224842960980984
0.101461533158311,0.187788607889414
0.188692586881555,0.10426011853712
0.0862832430178988,-0.186730564957151
0.0708447554347284,0.172214411237022
-0.0188097761559672,-0.0360825183914883
0.1919513426372,-0.0359403494397684
0.094908660016507,0.019195789206002
0.113381557388177,0.171131829486393
0.0503713776528086,-0.0586598131237274
0.0723609082734127,0.0134312544437807
-0.0863823557574818,-0.00736400062247333
0.0240418313020616,-0.0893299556477912
-0.126872771517422,-0.0306785827114798
-0.0313481022539097,0.183359189773078
0.0766423832887137,-0.134808561251457
-0.0195257779090885,-0.245269813440987
-0.0696438292115702,-0.226053585908563
-0.102218312685986,0.0669808993299647
0.134022135013025,-0.150824243181825
-0.181487039482271,0.104817881552424
0.0648863360049394,-0.0146605200335088
0.00601008616320222,0.0897545093430998
-0.00805725371854863,-0.0656346453374001
0.0826647824466703,0.138690439649323
0.00526752952711951,0.0272352603597639
-0.0498502045968998,-0.0151525815557993
0.0398782723414329,0.117595891880185
-0.0297562368011304,0.0392632645172195
-0.127052585281275,0.0241790301100672
0.165482714769951,0.138958794983602
-0.117407509516023,-0.23023414078088
-0.174750847680342,-0.15612871109521
-0.0531177004949321,-0.187131645330811
-0.0766221225308415,-0.224968608630371
-0.00230386180088911,0.131457565464358
0.0848002306728356,0.0148100586144514
-0.104341980290772,-0.162747045698935
0.115725608874641,-0.0799528195183894
0.0125764571579103,-0.0344632655485787
-0.0144718281139109,-0.111812179685615
0.0750109528332265,-0.073485176732432
0.0607674299282634,0.0997131702762085
0.135181191103274,-0.0984640928504969
0.10555941689589,0.0587253025442124
0.1198228127347,-0.116637374898964
0.046967114847071,0.194823745832783
0.00732482092975783,-0.0463200177652929
0.0855465359115696,0.018529124885154
-0.108773024964954,-0.210456809704906
0.122113629268008,0.23154794741952
-0.219473830648435,-0.13079344003352
-0.0507797554514883,0.0550195329488273
0.0251219845765665,-0.0335816991372791
0.0652031802715676,-0.0599143004615095
0.14108420489455,-0.0501785556154055
-0.0197254792649802,-0.063053162635539
-0.134150492748938,0.132601640900803
0.165028763188524,0.0833325477326421
-0.042642706870176,-0.0654152381771302
0.064839306100569,-0.0330021688483437
0.0722254962344961,-0.0942187533186832
-0.199017726043072,-0.0305797052992348
-0.0367707015375213,-0.0463369141475858
0.195410421949808,-0.0272725354235406
0.0391588945781012,0.186872928190335
0.00313109307980988,-0.0293697677651647
0.0274651511556215,-0.101936691824306
0.0102206648871694,0.107745630724299
-0.0320104787831979,-0.112681807900886
0.0138962563182485,-0.0975116924683542
-0.056109042104962,-0.155309597463879
-0.138420130247108,-0.166621754100395
0.00357559855991233,0.0962534244520157
0.122132369338825,0.175630111960136
-0.136172724029458,-0.272611511413281
0.0460667049792035,0.0859467408772101
0.0396086028912628,-0.0206848295875741
0.0126430493636701,0.147412030173921
0.000779260095977424,-0.108987042955973
0.0420212238478583,-0.0662915870404178
-0.00924527888293185,0.0733491427004885
-0.218128932156523,-0.0602264670625019
0.0431832833583433,0.126069993290641
-0.1454185757273,-0.0279369369983466
-0.189323378124548,-0.00784769552576182
0.0343884077318685,0.000407021836240395
0.030519154108044,0.0155379149832145
-0.155128182050143,0.0796922524090057
0.13292311313364,0.0979816578677327
-0.0880710587839935,0.188228560243407
-0.0518022107371531,-0.118320993775448
-0.0388358611764755,-0.271873443739818
-0.0244899269295135,0.0548302467241704
0.0819232398769099,0.201472070707614
-0.0335753841064889,0.0472158406025533
0.0521301572917129,0.0382049247020171
0.0902502381192849,-0.0467439305655597
-0.00270667421192973,0.0343992438834632
-0.00355817160199081,-0.0390404926716318
0.0863112965438737,0.166041344926261
-0.0252144382919393,0.0440032131157483
0.0856387019344682,0.214627642741713
0.130681816679877,-0.0908490486136348
0.0566656402193232,0.227301564392341
-0.0686481938350521,-0.235145101083492
0.0788425928844087,0.087468699957132
-0.0116469935953864,-0.0688075356701282
0.125296086141393,0.218283877225362
0.0690766313704672,0.120107407599612
-0.135678456223591,-0.0944169079917434
-0.0722858563296106,0.0160407710992151
0.176173826136758,0.221758284994619
-0.0261424505069778,-0.0671753681772955
0.0652972034409419,0.0479416845081146
0.0191807736848545,0.224143143924747
0.0120041972726522,-0.0341478651940158
-0.0363179061053279,0.0786867374360315
-0.0100644660962251,0.0371289921573074
-0.168726557940817,-0.0464507928249341
0.0387965616596375,0.202132381401388
-0.0376857537408569,-0.061294429675239
0.114119336118093,-0.0976476976965283
0.0742339069383745,-0.072702122111355
-0.0208447473675634,-0.0706655257556291
-0.0385331372256807,-0.118875401790088
0.177542427662477,-0.0713305165261362
-0.0313612588906048,-0.177619522526825
0.112891894209488,0.154535472322877
-0.025014686095274,-0.0804077253224944
-0.0550481031398674,0.0715855769935638
-0.060027905889524,-0.0236937210272716
0.0523289274206128,-0.00142408435292922
0.0141408400847382,0.155758917042188
-0.116018570853637,-0.1597083044065
0.0278014519510047,-0.091868804658513
0.10088052214051,0.107667321511194
-0.0202962687239233,-0.0856192654042545
-0.0802178337872964,0.0317656545187005
-0.00469841778441938,0.0684687596429735
0.0662360144970445,0.0725406417574786
-0.012872653148772,-0.116451165946414
-0.0470675083941794,-0.0777372071225208
-0.073192482378138,-0.0663701124938299
0.0137389463806297,-0.120798927048659
-0.0388259652906237,-0.0571018623521714
0.0741573465139111,0.0802362427754559
0.134276613943293,0.234460864197245
0.775278332989948,1.13025243091583
0.624444270638881,1.11056626249465
0.825470830050831,0.893257754408483
0.773470522433912,1.1530897587562
0.730685557753109,0.81585576609782
0.875417136559344,0.825259793030731
0.863711727839269,0.810947080446852
0.772175853214958,1.15512093359332
0.896267538977094,1.05329370610013
0.718172707717065,1.05681064031302
0.606492390703,0.90780163663459
0.71530954088212,1.00450401038557
0.770565311228977,0.804097119069111
0.628595373131528,0.978367225806615
0.606785177436132,0.954300408822487
0.860374822253097,0.848851692048884
0.668486592715588,1.06113505067561
0.604868524196084,1.18956962787414
0.852543784775578,1.06944961382609
0.675777363654085,0.906092070609622
0.645058832817844,1.07931226919386
0.769589340383528,0.954921786470291
0.723673175861446,0.966269379314145
0.588975473769519,0.860159889232425
0.664938592594745,1.06328706902412
0.69067817881371,1.15513318601739
0.60053166237455,0.895435781288684
0.621987403032177,1.19612973495569
0.844591654824793,0.976074062628322
0.784751196123659,0.906655809470872
0.755608042185208,1.00803497076787
0.583088828150402,0.867262224437802
0.76551295037214,0.950556006547757
0.859846680943802,0.89558488186255
0.674647423051278,0.810145013261277
0.590496807242233,0.976154334862796
0.536542835245285,1.04119313222266
0.821622388559861,1.10419458143516
0.598402191078582,0.904243050622161
0.582391076561833,0.891752745483057
0.848959436340606,0.969173826020664
0.738438754944384,0.870620346304904
0.729298481541486,1.01784170837276
0.650617722350391,1.11554995423623
0.724743228093854,1.0255658592618
0.713140881193249,0.854150118906821
0.702243069759103,1.0691793794392
0.55277143938966,1.12769382412941
0.860890630308574,1.06945391187806
0.588587080829583,1.06532148181559
0.844830698085816,0.890504405227652
0.655723870032543,0.99165411021115
0.688373153058767,1.07028387825395
0.735007543573095,1.05216801302542
0.537167980358683,1.13336389530887
0.530459998310911,1.13448405152342
0.784142645826178,1.03041286505111
0.663706783942649,0.948760855898617
0.816228812860565,1.08898168213354
0.514239629463348,1.20700549330524
0.747240197070193,1.03749990433587
0.600062961459633,1.09682152775667
0.885292628657011,0.770611919502016
0.82271244753604,0.820835717882547
0.642593351367011,1.12624478595535
0.763688235931104,0.909175271247338
0.531369766085519,1.20091027625843
0.63015943601006,1.04078106909086
0.615527353573492,1.06893577613155
0.606128315554084,1.09454242803187
0.737041347037254,1.03668029131642
0.77528403064395,1.02194768858024
0.747656472533101,0.954937752583819
0.653312418998583,0.875380334620822
0.80741218783173,1.10053941316867
0.689253842093821,1.16967215980046
0.6790833445429,1.10465600688695
0.762696245982117,0.962078550878738
0.595646500427229,0.967086482882933
0.681971146421298,1.10294266857128
0.637448746592465,1.03878826668235
0.683009640349112,1.0660012850768
0.834547241105193,0.985621417856858
0.488406985843954,1.17411836817434
0.726557552104434,0.785060023985654
0.65417115355657,1.02170626232962
0.592952758588079,1.08022609919935
0.718480160599586,0.891765682025978
0.618684352525858,1.11169638246602
0.693012481408768,0.932481092986261
0.788392904437073,0.887485600756321
0.902006026610647,0.838496819870787
0.699953902177514,1.11024734558609
0.625622949215824,1.11023522442968
0.717456782297027,0.804056529067279
0.702567967231722,0.937436548900427
0.526637099233875,1.0651565339578
0.730982534504657,0.976255731110238
0.633984988311351,0.85492489329837
0.563422622711783,1.1936462490156
0.790144641634502,1.08651121888583
0.543016505985748,1.09512868506645
0.777744627518352,0.779652420492547
0.821781782418489,0.86686115452959
0.618541835917672,0.900439813965427
0.805392632933982,0.847005216455649
0.60455608253083,0.854839576339408
0.640228894563831,0.996476033879464
0.77059022587248,1.08020369232193
0.874298014683801,0.98583104271659
0.872923225447918,0.796554705892111
0.835803796115272,1.11572300407786
0.697098829381506,1.08986827663362
0.615286573516917,1.10159918516943
0.595488910832647,0.984291910686641
0.751855346553525,1.04737856925517
0.629225805182286,1.13729000691727
0.597939042281892,0.914972619567641
0.884874450963953,0.857523225713311
0.634871184012191,1.03806294911007
0.733595927970119,0.869451996142685
0.788930434593571,1.05435826649959
0.687711674201212,1.23209694992548
0.722516184333882,1.00052095916724
0.778210597456835,1.15734992264627
0.626453584856344,1.03558037042006
0.802654933526742,0.867111695462764
0.623580031099414,1.11750877052243
0.773544591830527,1.02007461716515
0.548473427315301,0.913596172452056
0.84778849611427,0.848595903656841
0.749505769714893,0.850205918530161
0.758481366005154,1.06432949568383
0.835724886153163,1.15169789652498
0.541029170391951,1.05670704040922
0.856058791592747,1.11740405017267
0.737194926685986,1.02689467424629
0.794788951580895,0.768895227862726
0.6677459605197,0.948271870979709
0.703027284560774,0.907005547045441
0.771906513670787,0.982838753825958
0.689091073733978,1.14089240650931
0.613138655343087,0.962187714532238
0.63169496185034,1.13485877909605
0.711125090476774,0.798914945055488
0.881246100433587,0.966488072669848
0.742377473765635,0.904448079182838
0.621109812288338,0.99699737909534
0.634138525643682,1.00865097118708
0.631104151307632,1.05250480122982
0.584549847299623,1.14144130055182
0.531063864153168,1.20235486028842
0.567210960436429,1.13853649047331
0.52424108205265,1.10529150831564
0.778327355550673,1.06393724624654
0.688160042978448,1.01838303538713
0.555529733180054,0.856215601089324
0.682257258852346,1.07561449020029
0.614285186484116,0.965196584227578
0.831921865428742,1.00286393815758
0.797307433907642,1.10376531772188
0.619708209021439,1.15475260256316
0.790854031451803,1.05409323340659
0.474913444069801,1.15023549987584
0.75516190165559,1.01046374300408
0.63389807321451,1.0132924693299
0.879348846237906,1.0564285900538
0.87007428598107,0.88337154267068
0.643036890858818,1.0262006593945
0.826254998663868,0.892352472075693
0.561983501877401,0.906411273972825
0.573050259551936,1.18082479034382
0.827210319293006,1.00129226511953
0.544419445299636,1.02520411577278
0.867704273068154,1.04846475970499
0.557405554400352,0.883392583213376
0.722810301681615,1.06023764146333
0.607979339354669,1.03954875348408
0.828991489538915,0.845107640331577
0.645331072670136,1.01046076190999
0.691316847689988,1.10185915048332
0.675491240727778,0.953272183650438
0.827233628579637,1.00723561946881
0.549051091524042,0.913973074330819
0.599949082747733,1.02921632611947
0.733462263852814,0.828150012499002
0.587574466830401,0.9234369434411
0.710513356714797,0.850918687399736
0.728599076753109,1.14640952582087
0.834557372018126,1.00970655520038
0.585961927295615,0.881577588265515
0.864396240604987,0.863945900618903
0.730152550457384,1.11282157255722
0.78411544239235,0.906615873755532
0.518240275372533,1.19198989548515
0.574710653050914,0.887020201957154
0.598665423381971,1.11272196513586
0.791261363285276,0.918404185640337
0.489983738177948,1.20662886490542
0.550978434541813,0.946248052802555
0.674323168820896,1.07887887359874
0.635288018105836,1.06671981935111
0.700295410897821,1.05287091579637
0.80697327198673,1.16018791204637
0.670845805726719,1.16006514557042
0.604475421557905,0.932175826918028
0.700224615308177,1.22528949567341
0.570956980052795,0.88410262213329
0.663078563373241,0.975690813966532
0.532514836704477,1.16781625587022
0.627906937689866,1.0808313859228
0.754474076137076,1.04185861457618
0.762755274003289,1.06935422653489
0.840619339554309,1.11985527675922
0.621178591390769,1.09379583599989
0.829157304522843,1.11682524059319
0.719900695437727,0.913529985108466
0.78712450601187,0.964474298393917
0.565537436029019,1.20938482990676
0.587219937305149,0.863468859239343
0.67363383141519,0.80893159569869
0.844153717647018,1.15028287459665
0.737738505666497,0.833358022434873
0.831579491788903,0.901454138729278
0.750977463666248,0.893698236030353
0.60658313429179,0.836893194038633
0.805292725983356,0.922592166841922
0.876881918290442,0.81943009421644
0.627541790395961,1.18561289655747
0.815364022234263,0.963732909306291
0.61650383198743,1.14135340651016
0.772613253438489,1.00276488193321
0.563341478676601,0.932470491180426
0.564481723918692,1.16593476169768
0.776222858207804,1.04684465384847
0.607354466790963,1.18659094257641
0.561779720910651,1.14685650715076
0.764319821649807,0.88013843709224
0.673689636407974,0.886998450205784
0.635960541189104,0.927249827918617
0.706889897817411,0.939179388893738
0.594287779792056,1.08054201670069
0.651767835193718,0.962540380091152
0.637265021646032,1.01380059120036
0.651439098729575,1.05616153673457
0.705722766471512,0.982896930572791
0.619669507525346,1.05773311243706
0.756603959301846,0.922722401469495
0.590411113695751,0.937146061830955
0.782215119739951,1.05063901194529
0.605648816325288,1.01848392068491
0.858344487141399,0.863140161634729
0.731187979507712,0.945264357351028
0.787816420807043,1.04254765479619
0.876537380463722,0.974494898224854
0.667964571949656,1.02463274260562
0.596614539253351,0.857516258852133
0.774712134329771,1.07381456075674
0.853215921907003,0.881862953189219
0.759071785426299,1.08414099777615
0.695143034078487,0.924912050763308
0.857879188105767,1.0480607225241
0.615160001443951,0.95400446867467
0.772044336409017,1.08607508176748
0.844566531316214,1.10234511247707
0.602787650961056,0.978291538969362
0.780783662696471,0.974881802144177
0.612606202185988,1.14928633830977
0.623958909321612,1.09452391143664
0.587789464113165,1.16428237014797
0.591997460522643,0.920600692419877
0.700926531715697,1.03371128670478
0.655179676683748,1.05755069164989
0.69693039380395,1.09637262648033
0.796578177951007,1.05842604686028
0.707803076344154,0.933300707464711
0.609254808085518,1.00434087394293
0.842330329999978,0.933220240967173
0.84113948359289,0.924028019239959
0.767904921385038,1.05043646234232
0.49069041476697,1.20541110861572
0.758985475692563,0.849717598087832
0.552862340495272,0.856065159456424
0.743444552462623,0.956092926230577
0.612108666542577,1.10813896842451
0.782086581343626,1.04165412638204
0.598104924312859,0.953810350637642
0.75738741414102,0.964283423351908
0.837823617228316,1.15373942323516
0.615323503054511,1.16655959842511
0.604540529687629,0.971533417337389
0.722892391313454,1.15477714028727
0.663220283122032,0.88206777788501
0.551605089452562,1.11909462305573
0.600570898408975,0.821300494606325
0.784378204402193,0.940758260285492
0.659745433251242,0.97327280361495
0.618107600877362,1.06097816225911
0.614718535922356,0.956912031950207
0.565849919893286,0.85319619929148
0.563947620528712,0.985368383617522
0.678179508974351,1.10565433395802
0.547996802588093,1.00185102962909
0.7328420281084,1.0547015829228
0.758705779866623,1.01878037308939
0.714318627985078,0.960521963889323
0.56656952290066,0.877980772094526
0.791460634837293,1.09023359958173
0.814289444856493,1.04934130516523
0.629797259740481,1.11042460881639
0.672571843569242,1.17709038075419
0.772650753933052,0.851424438572731
0.62146495818514,1.12446232367935
0.728826611065627,1.0091361509376
0.727188764459413,0.927852507537083
0.782797691894971,1.00626248313271
0.640678704295803,0.940294997944852
0.869407589225487,0.842749658138676
0.676959064987262,1.06486168740948
0.772080397743151,0.825510942810629
0.698582647530585,1.14288954837613
0.808879687189026,0.835555100023471
0.635250315822169,0.90074850819228
0.465530252936592,1.11194913490067
0.601805537880618,0.992125703956913
0.56204859258255,0.96623080662135
0.690266782024894,1.19758266194195
0.494933853791083,1.1487055434428
0.708890214675537,1.23442231595704
0.752077344160608,1.11941083334965
0.826025272061385,0.885615789604132
0.843045343302945,1.15131841739801
0.633410634573249,0.918220521642082
0.601957710474456,0.893058478122759
0.876527986925515,0.510773456429786
0.959498974851419,0.361362406461357
0.802475548192418,0.461400981851945
1.10156103036925,0.473726743484287
1.05084314249628,0.562378788460233
1.16528209175381,0.541677394066509
0.994178047526963,0.429471927647177
0.994418557258954,0.386932466328648
1.14615498201672,0.647815534616772
0.901074457932848,0.451307259282291
0.933089252578425,0.381674583973529
1.05478291950077,0.617429443946828
1.10267588772696,0.465831425724875
0.910189474560749,0.484793411310145
0.801910437453085,0.501240558626803
0.805295606160914,0.477693913144935
0.895596855310658,0.506568433031653
1.0486719308589,0.44624240161355
0.901656544986498,0.532911613052536
0.951981044462104,0.667874266562913
1.15032666635256,0.643236436465045
0.980113730818731,0.351846092478673
1.13017943203688,0.488584760952703
0.908351228142704,0.434362524016677
0.885442901230343,0.567001680747323
0.999467553747658,0.608061584627294
1.01831286026187,0.646466723558013
0.837570640266838,0.515086217952415
1.09198464225789,0.496974708851376
1.03566248633308,0.534762400485905
0.960186373219065,0.526086065651633
0.803707356137314,0.495498671935426
1.03737169056232,0.635513573726061
1.04615999458716,0.631527102386751
1.12586165723538,0.470816697364796
1.23290235896386,0.526356974033519
0.86154807122886,0.596482166799959
0.749505706144559,0.436719596055245
1.0313817433386,0.608795723570164
1.08665059943081,0.614381281406362
0.956853126061566,0.500941049826541
0.996430978625423,0.545264646832387
1.0392573956911,0.639290504124884
1.01427603182591,0.547752752468142
1.17940877604114,0.491258121834197
0.710441372618308,0.479054872754535
1.10300794367119,0.46424278481707
0.961288418284534,0.470907930134272
0.992325094021489,0.579829702059041
0.933198449463403,0.542006075332868
1.01079780506133,0.668366696663477
1.14632126429212,0.429000406281501
1.1536920695452,0.534962651234079
1.10588442885486,0.469628240094931
0.928526605601866,0.41340037217539
0.935519433363224,0.416868429903441
1.21174255036281,0.41288501875155
1.04864300088684,0.545353523508986
0.918048935225921,0.65587935010593
1.06036114694858,0.473410998395329
0.988016517067545,0.496361933862678
1.1904180277899,0.603570281766375
0.966998436216437,0.344313127392373
1.239151109323,0.493057633277322
0.876146489669591,0.522382220563116
0.924741117394223,0.649302100797865
0.755917738067679,0.505172084956298
0.820318271527983,0.407899273186172
0.968330126212912,0.42792542326039
1.11550933723996,0.497982972589105
0.889884638872269,0.503480142889172
1.13185310286894,0.505302210392356
1.05372944391007,0.45935761859956
1.01850674941716,0.690033602262171
0.880766936845601,0.510615048297278
0.894111150005175,0.44480434562357
1.09212172711947,0.32227390224343
0.876356165472509,0.655339287698022
1.06271371780589,0.583683355391373
0.745374845799448,0.474844664468483
1.15314461022002,0.52485605278733
1.03781339337083,0.393215645636798
0.969572904231239,0.422120401356228
0.83855682292086,0.482807487780162
0.940863093196792,0.348327036646175
0.761100053353065,0.4748097601144
0.943665170575732,0.489070747052766
1.16589835911938,0.560860719941588
1.25218938170687,0.47385952572187
1.09545146546758,0.471792581958806
1.24462797557387,0.543733358561901
0.734166967870348,0.498458978415439
1.02602639425491,0.41590069221419
1.13909898237239,0.442897562853977
1.30074592786836,0.495911868672548
1.02576946407474,0.471618463800418
1.06882568171713,0.60680676602305
0.931811731789786,0.569026282068039
1.18141032548741,0.494703784030165
1.02583971133737,0.544454544508907
0.922466755638131,0.581703876500367
0.88322950591203,0.495463747929144
0.860479899176514,0.520960502347132
0.888425390071096,0.539445339055679
1.05641455159448,0.550740566162317
0.943230004699297,0.676253875364462
1.24340046304637,0.490668216590971
1.00751333033391,0.487820596773675
1.09539151303492,0.397469602171541
1.08837873194719,0.562322577527893
1.0561460749898,0.548381834270284
1.09648319155638,0.505987599836398
1.05670723684726,0.344557924847681
0.885921918816557,0.498826574007368
1.17364832529096,0.621413212595288
0.961077188482699,0.469824739204279
0.982072726370063,0.385606897012159
0.843956927535285,0.429331226783617
1.16172190569678,0.447940034552209
1.29851008688642,0.536323061824166
0.965814704729581,0.589420452231614
0.940243400348439,0.430701901975926
0.864068191136632,0.487196111991201
0.949797165915746,0.591493681167114
0.925779064568496,0.564598961257333
1.19825124549492,0.550345410629559
0.877888139655384,0.597997078264884
0.933045269040958,0.363625475285579
0.997759896259394,0.557235883741724
1.05887661735283,0.65001747325601
1.01519861890352,0.570432436688426
0.768664878222951,0.463932009747543
1.0310059529293,0.521614791480301
1.04993297957276,0.672436419143185
0.990504514812965,0.442084675529451
1.11064043041498,0.541294127196809
0.814264292085667,0.420063986975996
0.923553393691625,0.503565024569676
0.872132831899443,0.499515758648491
0.966042982408306,0.625328877886892
1.00188617054468,0.594980167829514
1.0524723828741,0.374120323777227
0.986954500233165,0.482156902229504
0.904354350016764,0.460295513078137
0.990745092982036,0.596340612946478
0.90982888476113,0.366094111884072
0.708627655880836,0.509758036474273
1.12690086175226,0.604733844361739
1.01417379477417,0.396040266002367
1.25104904726823,0.600332060770915
1.06243969350045,0.41575597642158
1.04098086344435,0.508941279415413
0.829797683427461,0.525951498135725
1.02509388658071,0.513589426735961
1.26675884767745,0.408963105584007
0.933017463330911,0.57193316890808
0.841251782028453,0.495965834932528
0.967177222108926,0.647691010985083
1.10552660922673,0.438732800589885
0.985954048447402,0.37723818147175
1.06699512701143,0.445909115800559
1.01115479008278,0.696140157340117
0.761728287330472,0.496018099335225
1.00977686988039,0.47502404357427
1.11918339198847,0.649193969779459
0.934824323653715,0.319560124264185
1.00949364879792,0.443735383966003
1.14348621367756,0.617246932236196
1.17376345095659,0.501402067670493
0.727749499030727,0.469465506556899
0.986650197491479,0.311253566929551
0.814620654416625,0.442587502541361
1.05736961718457,0.357493789305399
0.907056726120858,0.621075263430383
0.970190227447832,0.575984253984488
1.03417914842346,0.428064645127868
1.09213560685967,0.632044446584572
1.26732698652459,0.480560766246431
0.937311987508049,0.538579257781852
1.10732461297643,0.459879165494583
0.691940028484927,0.506518319249782
1.05475721369157,0.342343241816185
1.05717618949049,0.420109776585943
0.947644415100542,0.336920340348908
0.996972784139541,0.600996654616124
0.902630094558811,0.568290427261056
1.0061543278929,0.673897773187842
0.739535828975992,0.507825093401452
1.07350195540828,0.53139209062172
0.840546624759088,0.483413768153668
1.18063742527992,0.560457474679878
1.01445354545687,0.442561482814801
0.965377624940067,0.353359120508349
0.996328749272428,0.706841242155033
0.931939312333499,0.441344804386323
1.10047083407649,0.553417668089347
0.967430796918819,0.524837033614334
1.01524460097468,0.332501607405285
0.890325607964267,0.551084287178369
0.891902524814719,0.440410444014025
1.10788623758574,0.499536072943813
1.12163594363497,0.522372448494122
1.20642017503421,0.525313242306814
1.04884853835754,0.462997661730497
1.07304340554446,0.462389649198788
1.07264617795913,0.53338789848111
1.1113696416761,0.477517812354198
0.891190939742523,0.44939367143506
1.11496662171328,0.386873148266211
0.905999397191844,0.494629229344665
1.04910965570478,0.464180327247254
1.11902436430133,0.3737477841545
1.28815578874471,0.508377967878865
1.03938507528029,0.490612827211303
1.08730940762139,0.654267051808691
0.933270444669569,0.536797105272418
1.01450768110881,0.528174065028633
1.23914539607328,0.502851601835721
0.99066927215639,0.342754810845249
1.12754898495427,0.533776429598989
1.06838083744591,0.522844449295855
0.93425621594005,0.508914153276791
1.16039633497915,0.516604036474149
1.18420598842625,0.587363153665567
0.922054061177189,0.537020588550114
0.910391167649853,0.319591499511362
0.945901269940597,0.54314440318614
0.98101035160091,0.545668991324277
0.79792839070609,0.546474429453897
1.04502914870845,0.644656414337191
0.999044189420181,0.517151440587473
1.17272061638032,0.556123631882134
1.04601010893351,0.390396159058666
1.14472148932003,0.523516559898129
1.03223277513027,0.591140880908174
0.891928096153321,0.363511932456973
1.09668783344568,0.42943923747734
1.06415417624879,0.454652045800473
1.15720808721248,0.400086247486555
0.821383412738571,0.461168446873439
0.996054607993749,0.644689441523689
1.12498438109956,0.508792489672727
1.06964976658209,0.564715437171801
0.814085660769173,0.501467077816802
1.13004605929659,0.488743704376765
1.01196896523103,0.316329916251746
1.15678183860437,0.457793934813721
0.765596795485989,0.431832001335044
1.03135882023451,0.476508471520276
0.921611743981498,0.504209718545892
0.828158253049742,0.550731884822369
1.1878747677586,0.523855705292708
0.90290134677774,0.477057769358383
0.910237061114772,0.518794867611503
1.05328234835599,0.420847263717015
0.855173429850609,0.440327287276513
1.0295641764002,0.342974867084662
1.09411430349529,0.621680712164466
0.760045888335684,0.403687230469554
0.958731407793272,0.363207387195425
0.915238204530572,0.54647141130084
1.00823184198668,0.565343190170002
0.722408332049582,0.500370332151182
1.16377534072788,0.518645160577858
0.8773030206134,0.502862601986026
1.11564921190461,0.551839663372319
1.22861308115957,0.518238236138108
1.06741330524817,0.524626841427327
1.09457054515725,0.499710836534009
0.798038823754696,0.482385163887708
1.16406775052256,0.497382073139436
0.787043344364,0.585070259781915
0.89344872509187,0.457196517758748
0.800718150894783,0.495716356392114
0.897665425178204,0.419450713275889
1.12636882975365,0.518558756015846
1.11329093464234,0.509923387369817
1.02395697413792,0.482193800260849
0.976133658854216,0.359044659076899
0.885001966156448,0.340280735728643
0.913738582012895,0.490778871117859
1.03933775540585,0.677098759603931
0.955951044521126,0.37509099364203
1.02241577796478,0.335520746769255
1.00786019747062,0.403520769209576
0.998507130309498,0.704080533099683
0.88661906882396,0.374320923379445
1.2164964496689,0.422302012146381
1.2141385165769,0.47265820115789
0.982020233396886,0.382768189817251
1.0244332801264,0.519869423413117
0.898982707139949,0.632012948052005
0.912735849205223,0.547782311956001
1.00111977159835,0.662623594356174
0.963465610501993,0.605619746823224
0.916153766700854,0.486569803558184
0.922823663675919,0.515694261364576
1.10895459860188,0.356312572398076
1.0126091790309,0.51545296496249
1.1340388279097,0.505121834663743
0.876526160630891,0.521248556844609
1.07163450793922,0.565797366061976
0.804995637268268,0.526520580129024
1.15060265570916,0.49700520365056
0.984938535252379,0.372546581049177
1.25743164864712,0.536577552142205
0.873099465744327,0.3379530744266
0.942667881176523,0.439235668589021
0.939794375500993,0.552497532912764
0.889551534458405,0.325019249089137
1.18146546347382,0.372242822821513
1.21193516152443,0.406387034379247
0.809131367322365,0.472795084627074
1.06094976788343,0.382112595814796
1.01894832038916,0.323708788451297
1.06181875065754,0.358147202487658
0.937684835716681,0.548674064825444
0.837556179128667,0.514306357644846
0.908802487014979,0.55482197934372
1.03653495001907,0.548836520634493
1.10438153580814,0.557054019316946
1.00277515406292,0.601998962670524
1.01165882943392,0.521584794677251
0.962197610186335,0.59092962124847
1.04806637412443,0.418743305158655
0.846921184538062,0.478921310838649
0.871314351106818,0.407016670059386
1.05603551367227,0.341431002542329
1.01718752965627,0.596613143026502
0.91881783566077,0.524523245323472
0.889113391881376,0.486284116923869
1.23856843883077,0.435982532442804
