-1.17364221834711,0.334112340352524
0.234373333973582,0.360480751270901
-1.47944675075411,-0.166058447364916
-0.315618130373411,0.759578590082945
0.145203255846545,0.299055656184914
-1.39472626376919,0.037588885805218
0.428314952258393,0.130250649183152
-0.470779430646069,0.741590459087303
0.378046922462471,-0.050199828218481
-0.0822194847809719,0.66965188423871
0.128781591007483,0.34086915913914
-1.16717431160041,0.336550021187702
-0.176431512260442,0.689074149800426
0.259159384334762,0.249045780385075
-1.08542306503587,0.458730006335714
0.47622462764917,-0.0888331705131874
-0.554404233199958,0.749582065291557
-0.14620824658804,0.624704030569602
-1.10271815394384,0.395788384044979
0.0740079944717394,0.45993680505332
0.425297991652325,0.10977777236754
-0.130456187220695,0.697253857723985
-0.98976853575553,0.456526498809528
-0.743482269454183,0.608798142258965
-1.40616454072395,0.081785663698516
0.354701444814587,0.0396290712283302
-0.382541437029351,0.765953606737587
-0.185588404626764,0.555995103380408
-0.496326043542711,0.758033429652347
-1.4272875966298,-0.0633377149083595
-0.510946818157119,0.735435027089653
-1.00524047833426,0.502090089897008
-1.24354715624471,0.279238671006446
-0.0400842558851603,0.456579007833803
-0.954383874610553,0.460423452451813
-0.543801577668435,0.717560517300582
-0.452160148973181,0.607148895540536
-0.971790854363179,0.470022596906264
-0.492251395339046,0.626037040832711
-0.909646629608745,0.633657594299909
-1.33441546733581,0.259416711476799
-0.945956314591491,0.666038634490932
-0.407790539046043,0.698595255912615
0.18131603634598,0.52528289978597
-1.23528852843561,0.369375321487243
0.289415451516781,0.1699724560225
-1.21959147793876,0.462542432554729
-1.20030918796552,0.432787558142758
0.376070830614094,0.0383683186457841
0.157856681309744,0.277896708265701
0.0685694863185633,0.616322491801988
-0.60082309354103,0.594853002950253
-1.45908214260312,0.078467995371476
-0.140841793184696,0.601120823851845
-1.32970386615749,0.297024517509024
0.142749377963217,0.514386602497568
-1.46557326119069,-0.0820579001927444
-1.4184530096837,0.115892231054163
-1.45123387974129,0.0536234825941569
-1.17242519250193,0.49935604855879
-1.33299547540046,0.310104767899784
-0.392348325955265,0.595471250753453
-0.877611927520424,0.554640472088561
-0.122461408780646,0.550314654723373
0.484648821751224,-0.0829268068739458
-0.346107290442737,0.663331617350997
-0.428059576890524,0.781151043280164
-1.30105865034413,0.310626757477311
-0.372501544503038,0.667978064876501
0.233028545111312,0.467290051152356
-0.426120377857611,0.700403115656018
-1.24782292286022,0.154631369249492
-0.857950981370622,0.603246322770101
-1.42262043231054,0.11310571519141
-1.08845018451267,0.42926732678396
-0.13598586959525,0.667120728754844
-0.90442773814982,0.627332533184173
0.411571665007537,0.00526508173729265
-1.22730859151464,0.280733594485497
0.378042304229012,-0.028945181253636
-1.26236916577023,0.299372854863515
-1.3631734201543,-0.0869125951384267
-0.739620696958371,0.669082334662097
0.302469869666677,0.378762016466445
-0.640887085587382,0.63591142770528
-0.0393372237110108,0.619048982075374
0.313014005043751,0.225292549108951
0.267393934261443,0.279114879958168
-1.33494632118398,-0.00780069526796767
-1.18608304789347,0.436701675463364
-1.16847227822498,0.443642290267893
-0.487853529177864,0.658665858586532
0.323886013767722,0.244165328028091
-0.890881471523032,0.695909776759723
-1.24098011414245,0.444624684503333
-1.10990155210774,0.566506034225133
-1.28044462152309,-0.00749904372680452
-0.892192636062362,0.661332352911249
-0.39930955616143,0.756963098480685
0.244677660644567,0.197445649552816
-0.325663734232557,0.611854159535733
-1.30785572107521,0.374465465513387
-1.39580989908438,0.14573236490926
-1.30910313102879,0.0374394581643389
-1.38870894902486,0.135293707408922
-0.913810161744729,0.503984554122145
-1.00639113407769,0.440821891916622
-1.11272572586651,0.422643500782771
0.189054280824283,0.509291291302139
-0.47819265614366,0.634322589679843
-1.45345679018993,-0.0612900193880634
-0.213201222537926,0.602345130229097
-0.0288341345145253,0.448083417598905
-1.24017665113244,0.36485565818742
0.17866233140392,0.261626910175665
0.283608860681321,0.293340571306821
0.278717357748624,0.368087858845096
-0.798614263715471,0.68785795051188
0.261708256053822,0.200043968716192
-1.33152787669052,0.24175212355253
-0.708376115184064,0.708508792211084
-1.18605508642913,0.505173177980426
-0.863854728282451,0.710004894556232
-1.23248819185624,0.259427279596858
-0.780874063828222,0.619820365864518
-1.09423420098671,0.543866551163633
-1.47202688232111,-0.0779987052897871
-1.13792670976246,0.483903253162792
-0.202595998197237,0.607832063859386
0.276568193007226,0.0192868177426522
-0.954677313983605,0.498625031784965
0.352310556465439,0.31087979668644
-0.748326214656362,0.650771644637184
-0.0148551780941832,0.62629446051425
-0.310530324673911,0.668294289196794
-0.526954184516671,0.743316700273529
-0.277435374840076,0.601787388320537
0.0480336130498284,0.547449338573556
0.0864890027273061,0.364237563690043
0.0741894898346118,0.494473942474584
-1.31764083614575,0.318678538233662
-1.27624761814276,-0.00495241539954661
-1.20149485769535,0.403415522096754
-1.30214936077774,-0.0684571268326476
0.360367524322179,0.281583159900477
-1.43960205044446,0.0269540060352109
-0.251958615684553,0.731822594883102
-0.012281265186222,0.618692784984225
-0.70735129243559,0.716325398332477
0.457849221343448,-0.137127972246617
-0.313207504821591,0.761881920023912
-0.132644602905208,0.62594462106808
-1.31429786591071,0.031683587844899
0.0227694660135638,0.406805403504514
-0.161611384516055,0.608064200127414
-1.37527970910286,0.048978686433467
0.365262073595432,-0.000361913075533155
0.371913879977157,0.0973732843084636
-0.904842510497321,0.511570995910188
-0.92755433074712,0.577370172570062
-1.3509759429413,0.313785659750358
0.250618547994654,0.194473515317877
-1.08324670965517,0.527389367275872
0.280022447071398,0.0886252834901314
-1.29409949561982,0.138034778010416
-0.655648108140395,0.597848545776667
-0.908840966155813,0.54478627571078
-0.324165668243021,0.669792392569137
-0.553838639608417,0.738665699022894
-0.999072815027315,0.645447261530156
-0.161456659935481,0.539433289152598
-1.01573471870166,0.502485879409028
0.155018745046439,0.347817779251686
-1.44599758271748,0.0559503479785481
-1.09033740749879,0.376377567437242
0.446097012201156,-0.131796098902257
-0.129244655801348,0.722082480243767
-1.06286126760158,0.385758768313208
-0.554042139340025,0.723156835137442
-0.649685172033571,0.701813922549498
0.0184940812138061,0.42266051457854
-0.911642413895603,0.676722595503772
-1.02136598671481,0.590835194217824
-0.842170072932657,0.698225874638575
-0.316812472184878,0.693738624307144
-1.32637667854614,0.328245228984273
-0.723592919766505,0.683389496294648
-0.101742837760245,0.637351612721228
0.257280910800702,0.270935196629579
-1.24221435942015,0.198614718238131
-1.4967175070837,-0.126014043422519
-0.97613629767423,0.506164161472099
-0.545334124316552,0.643731320513928
-1.48327325301659,-0.1180295506206
0.327758033621936,0.0535720830225601
0.252467248605233,0.421152636173751
0.333938102374459,0.0312882116179428
0.363552410418704,0.0156585827749595
-0.677358051073151,0.682903287209576
0.370113870528267,0.0597462643970267
-0.0810016677998909,0.599005497092417
-0.606820463259706,0.606180101479249
-0.0431723562946037,0.598655843328062
-0.841674149922122,0.657538649104339
-0.362302130885442,0.665964183857189
-1.07485685501499,0.504110033896174
-0.76326221904687,0.642441165129023
-0.873489498681172,0.509343173635881
-1.41773444388901,-0.067781047804488
-0.0543329292272868,0.635531882800245
-1.44457759243473,-0.038903455704891
-1.12911493581896,0.432901881963198
-1.32473707999227,0.0228478139918013
0.151328980103289,0.339573273135773
-0.896965095987011,0.692490780190558
-1.35073458675817,0.176580911886093
-1.28925100831933,-0.0410788307877094
-0.244206812627554,0.638560376138216
0.460902020692111,-0.0288120380829277
-1.20513200369039,0.321501076891291
-1.44263722945687,0.0333985743551944
-0.624214697541363,0.761359985189574
-1.27369224544531,0.227067865364815
0.0441351132297358,0.51460794101929
-1.47712765044595,-0.0805535853390153
0.0414829144083099,0.618720204754151
0.28439899567938,0.207473948654124
0.271827021161238,0.330346037463162
0.267492996982459,0.123854078746219
-1.26130672889491,0.0458559317939183
0.289559909221048,0.267689824455576
-0.111135345618853,0.677628772083947
-1.18153092575681,0.488610510982176
-0.0259627719543291,0.469278591325198
-0.392753965449131,0.685566753047977
0.426125034164711,-0.0384755725995408
0.269003673651361,0.23090517003189
-0.922440815345199,0.522337329693778
-0.0404158292116473,0.61555847166496
-1.28892502935745,0.223194567947782
-1.12620825964774,0.546570100099351
-1.35371020520755,-0.119203935278069
-0.662746700509434,0.705631219111969
-0.248181050559668,0.647566587731931
-0.165720072774072,0.696164979439574
0.241129264617133,0.329001956411447
-0.348805209394629,0.589349716315494
0.034400881900119,0.48189295266906
-1.22145753680021,0.41890537675552
-0.194694287571395,0.684389930941872
-1.39058095914334,-0.185782687319025
-0.462355757550137,0.609089426611057
-0.4175227657773,0.756399031054739
0.23964666504427,0.411129213701558
-0.685567758982331,0.729506123637648
-0.438058947600465,0.754152562171261
-0.937851937373095,0.488922898652381
-0.510596403539307,0.764720938910265
-0.862046010186854,0.633616244240562
-1.37125910980099,-0.145703358751681
-1.21164374737074,0.392722544407222
0.34938826283277,0.000727781815758388
-1.00980766075093,0.437369518922052
0.30777497255811,-0.140418210138644
0.192321938287331,0.422953301482021
-1.13194430514875,0.558503278991447
-1.40528078326972,0.189634162369759
0.13891183172478,0.40689389627441
0.37464922886183,0.186732124807633
-1.24482070319704,0.315659791511292
-1.02343783584385,0.641783616403902
-1.20099904937355,0.435005855392563
0.0574612811018623,0.611220227862775
-0.587414586000616,0.752601902838541
-0.708483068537016,0.689771105717238
-1.16584930188787,0.287681604776428
-1.31649154472006,0.195363002812005
-1.04594058718307,0.515932262796401
0.32363549769726,-0.0392777910918377
0.0328980275356541,0.453903068908189
-0.0508824378559372,0.607143153917386
0.250431103595559,0.386436470022784
-1.10538256922324,0.35690483304671
-1.11317407928518,0.510410690707721
-0.351148442824982,0.598202848690085
0.37634684689804,0.153618848672737
-1.00005809511162,0.487633017196859
-1.30377693089948,-0.135101370256937
-0.0114524841624023,0.583769963881078
-1.217782065456,0.349211181857546
0.272198848317619,0.0181139746125561
-0.943349785994801,0.662271760996022
-1.33963969189776,0.0442200920224702
0.330913596690549,-0.00606626296595292
-0.219086824891192,0.717057380470741
-1.29448550892865,0.219162414173645
-0.417644776258675,0.75094830855075
-1.37046612672655,0.00618855812760125
-0.957689922444683,0.467776227104356
0.240199981632253,0.326927493145733
-0.605933851102175,0.606242250465326
0.21454078145711,0.299099932065445
0.0623843846711033,0.41677993556406
-1.32149844203241,-0.103729947308744
0.123182190626464,0.441286143105665
0.416042117025573,-0.0207344979416459
-0.0626255335034479,0.525674491200632
-1.02561571404795,0.453763324661706
0.426440368447676,-0.0544410427420116
-0.614397539075335,0.709483529565113
-0.755022144949431,0.720761613223559
0.322492515197266,0.104777332627835
-1.29028221057599,-0.0697766385523302
-0.991985540971691,0.457976818711419
-0.36107461129917,0.606656979789989
-0.949628335787247,0.639404541909423
-0.166429192196826,0.698762891630826
0.278967147219528,0.245199031593441
-0.645744204019775,0.656401745992189
-1.38490695803895,0.14075076065116
-0.209624420337433,0.569988993088599
-1.14245085697096,0.390871424654983
0.221992728684765,0.44351212582046
-1.38886496382111,0.242929351403095
-0.434518720972795,0.680355248940715
-0.899492029299283,0.613833856071916
0.0785106844727335,0.361743838475414
-0.983627676383225,0.438616164854949
-0.844870090931956,0.676226240765334
-1.3204037803303,-0.0445264128105503
0.301823955641766,0.275109058471885
-0.974549815474194,0.620166895109562
-0.662234258483609,0.629669758329707
-0.722359537055981,0.634360973930163
0.329748523320515,0.0171458354944092
0.0935520315001112,0.451940900266011
-0.769797444508106,0.572053552670464
-0.263672116073121,0.63942829911947
-0.641836770838782,0.754027579637631
-1.11377718068649,0.356636008185768
0.149446870544319,0.314685025958361
-0.826730046848244,0.701115959189994
-0.659880662065208,0.750266006479602
-0.934011301977859,0.669521826625209
-0.314050845601795,0.714694356987637
-1.24166437320451,0.416012103448602
0.394063015595172,0.135922971919762
-0.0528666887385249,0.522161643417111
-1.39134517424207,-0.108116217492
-1.32431037198947,0.181115834161947
-1.29579638843504,0.141033873907179
0.0705749821557313,0.456186429317517
-0.607119724066008,0.715299185714882
-0.570045457968429,0.780065968113045
0.141077579151868,0.325836202199725
-0.128147424968293,0.649169941926047
-0.943470754213176,0.668574534725758
0.081629031886687,0.497063406843215
-1.20952361516333,0.433682757143384
0.305884551785946,0.191769521599468
-0.71785349392887,0.683625540548591
-1.34956500286442,-0.0367891591724855
0.287288391737248,-0.0103551498836278
-0.651126004963772,0.743050240642926
-1.35803822387731,0.191801258150534
0.166448571218558,0.488108162425831
0.11549339031514,0.54880255915937
-1.02729327455085,0.642985497215284
0.241462746587907,0.221116152616614
-0.0986041171296805,0.496146784910234
0.106048645200657,0.351498374930441
-1.16781066330795,0.367982756004776
-0.329718140662317,0.585537353814196
-0.151998368940576,0.683914117234254
-0.881486050962981,0.589802769035074
-1.06193691090344,0.503144729063311
-1.44807705204151,0.0513110208571402
0.00288239019504832,0.533869286415646
-0.168728809927174,0.59807934094832
-1.27373885603218,0.0534677211052337
-1.11046138333646,0.572326865608844
-1.44243067069884,-0.0344313992339287
-0.131186753130219,0.557353667165413
-0.787249498253834,0.695903634845321
-0.439552140956494,0.640582972748129
0.436869879807388,-0.135082182655076
0.149087755671136,0.272458969190986
0.101895704316236,0.555984401435227
0.288108376957125,0.354173910564847
-0.626839322982281,0.758642602986635
-0.406377397821269,0.746228421719594
-0.0559540663767357,0.650891428739627
0.201629683976378,0.328339854292877
-0.129912284777767,0.704032936910984
0.45573610607265,-0.0300474586084718
0.416702856599644,-0.196878668546588
0.183381383904344,0.324216250748025
-0.976937278844584,0.578307426491129
-0.299895817863108,0.720752357417197
-1.37886029159795,-0.151263347636478
-1.33737150517238,-0.186640023619521
0.383711815991203,0.0133760954341892
-0.482778799297942,0.784744791864046
-1.41103211522548,-0.146865891124442
-0.718767716773308,0.768751350832274
-0.119687373577565,0.556290198625873
-0.119154796278521,0.575674183326876
-0.334264297522567,0.590690659776881
-0.240417822287788,0.572282700394398
-1.08989627935989,0.384795954025666
0.0960203448750745,0.513998067194789
-1.26014746313346,0.214928318041255
-1.1245171555772,0.322001422578025
-0.707066014223462,0.765775545577023
-1.29915855317227,0.123492612991658
0.409104256421304,0.154758167658962
-1.27775789826893,0.175082334494925
-1.42291793371316,0.0541405603370533
0.105018398897214,0.343551531718307
-1.37013102854175,-0.0758687267731455
0.434686159216441,-0.0197375694608741
-0.687250996214362,0.654499917813495
-0.308577553750146,0.66570746339147
-0.868247851660806,0.546410691810229
-1.29894783215644,0.392344999428334
-1.25720169574097,0.248753136341297
-1.18934648985686,0.29908231037267
0.456502066135159,-0.0496165214722155
0.276047143842451,0.428598008079855
0.264502644523164,0.243204428055238
-0.051176730584587,0.573508857698989
-1.06595228847506,0.59775472676049
-0.278946833932063,0.740153375551582
-0.785988375185011,0.664727350228204
-1.43904463601486,-0.0779990709395811
-0.333536315263156,0.745775315179664
0.0975781339552269,0.425382469074641
-0.225603515136052,0.738846820817339
-1.34094743146523,0.296675483597083
-0.536704150767985,0.70055324778193
-1.31774629976636,-0.00900219270975994
-0.932636467204143,0.613880631266385
0.255871310665748,0.24756328527505
-0.263118158530065,0.728024764368816
0.340508858598886,0.106744629102534
0.366442296828206,0.00815911332929811
-0.399319891207804,0.606806525682092
0.344323258953451,-0.0241615405279457
-0.800124440329478,0.545613207627941
0.383692147568729,-0.196843448392083
0.0447647843534156,0.554843210502251
0.334308544472299,-0.0930175995960242
-0.12309447199788,0.542338017150142
0.283636944226006,0.317478384057331
0.140838012670033,0.562928121416353
0.337499408100457,0.203403586103089
0.131507185015086,0.479876385985749
-0.0979212803298277,0.680472385087123
-0.556288017309511,0.749510977913353
-0.195897252159827,0.611971243560972
-0.2878829734403,0.734381733524144
-0.138021836674014,0.600363932316674
-0.233622029242579,0.748076491400238
-1.30015513626401,0.348476293664397
0.284609656825887,0.199347642957751
-1.02163646204914,0.510311943084547
-1.12677971049542,0.342789865040659
-1.29173428784086,-0.0257998789993052
-1.3772996038064,0.0227278954859294
-0.894318398881179,0.516182221343451
-1.03776433299552,0.603891540741168
0.159178665115501,0.305058842511359
-0.268661618574292,0.641147322643109
0.308583193953671,0.0750700849314707
-1.17789225661803,0.337311869362631
-0.452393486421384,0.717193768447229
-0.323808230198622,0.649667219715951
-0.719496618885224,0.610858318120765
-0.76186430724033,0.660740165166232
0.329469116552263,0.0518937952759085
-1.47129214380032,-0.163742506376596
-0.909014471007134,0.628198207771165
-0.0832863644060178,0.703110633734011
-1.12293945041466,0.414461486386846
0.462010978674539,-0.154719397343854
0.315876233544864,-0.0689962088018435
0.0653847338971248,0.408970468735237
-1.45122345185395,-0.175731129617691
-1.09779690796824,0.503012813797615
0.45754928537012,-0.193481081079133
-0.355815947595169,0.750718098280594
-0.155518301837233,0.562368127840055
-0.610888146753023,0.626590596020973
0.340279981119614,-0.0820516070979133
-1.37690084695518,-0.0678227529590089
-0.932443775778051,0.674598874043981
-0.205162855109827,0.704395447433825
-0.480316201891288,0.67688979064019
-0.747636825500902,0.711199373359191
-1.05168997677595,0.470400131379135
0.0440168738188313,-0.486121853410285
-0.191009036282498,-0.308547036202459
1.00923421370774,-0.493406316594762
-0.254055990023229,-0.402312023952754
1.03494558160294,-0.523482424135975
-0.390784063020184,0.026217903070131
1.33897738745261,-0.134390092995722
-0.254302775971119,-0.160361982960219
-0.0821154561435766,-0.531392167066677
-0.191856157229251,-0.390050632670759
1.30258601865294,-0.0234341604618721
0.789373970380034,-0.558823831283715
0.547144253643313,-0.626782518215866
1.3216935463942,-0.358472415521827
0.83510519134845,-0.646640363791446
0.478845019635003,-0.719605972485124
0.742699235592615,-0.666697553476273
-0.262425701890756,-0.21136539727351
1.23747713614357,-0.467203403701547
0.346778541484354,-0.722069729426134
0.351478996867316,-0.608571681021615
-0.43540398199404,0.0796460632039995
1.31004704745155,-0.350115973687023
1.40862805628266,-0.21072998441213
-0.30187164929597,-0.339708305481012
1.02125549190327,-0.59809430864219
1.16542240233736,-0.296233937261402
-0.267581563661884,-0.0609125067554767
-0.396059591582351,0.0575718672378307
0.430527106227883,-0.748903209985698
0.476615899257015,-0.623041475304845
-0.324174957393728,-0.0779112621752707
0.644038360367233,-0.737225747220243
0.821449341732375,-0.654864407467048
0.347636430575395,-0.629684706274414
1.2084569436901,-0.379378585646399
1.37140017337753,0.146690739724362
0.885843495451184,-0.695963499116731
1.31156487500066,0.0523910165774183
-0.149648970000414,-0.293622392898056
-0.309678212487566,-0.369644781203997
0.358287225943335,-0.708218067965501
0.531386987949851,-0.681711286280938
-0.0477240952892328,-0.635255515838266
-0.462912516920317,0.0882495138070904
0.00447421216446897,-0.58943019246678
0.0787332472293119,-0.669147096843176
0.704510410920283,-0.630837870756591
0.0900230621520051,-0.515238809759891
-0.336432195330494,-0.0118725105013954
0.283656823266932,-0.644526236340638
1.25320791650303,-0.161748311033798
1.25914318062976,-0.433720062169627
0.205702495595536,-0.641626892844647
1.40869655967288,-0.197196122868576
-0.170244169226453,-0.516009815137599
0.469618767527481,-0.784650403831069
0.862875510327377,-0.659392084528217
1.46116401084522,0.0385197725159016
-0.437103436005573,0.0939630721795621
1.37145746451001,0.078241019466472
-0.313387456480235,0.0440203645079354
1.28518854786439,-0.242294052316095
-0.370407167038865,0.193560316936161
1.36949803734725,-0.0849163366558938
-0.305760283938004,-0.296054504832539
0.00821444193586196,-0.542560536797597
-0.487773096744949,0.0728603317194422
0.545137775289116,-0.75412405032858
-0.161220011250115,-0.319662260718491
-0.120052988586556,-0.400781284291273
-0.0423911782118844,-0.443910519883041
1.15546549948378,-0.518638889458041
-0.0339821625503066,-0.594284829957708
-0.324651578047086,0.0219780680112942
1.32406100539222,-0.0401097909486285
0.280406384968278,-0.750427252973582
0.286119179868094,-0.644033289163547
-0.342028040669191,-0.314959210930472
0.981055981991976,-0.63244174768657
1.4714161582938,0.180702410689496
0.0359697751855433,-0.577749496357608
1.13051010836732,-0.390257006711944
-0.383955848553218,-0.193034659226166
-0.215347541644669,-0.161704997451591
-0.449611651005879,0.135742410880929
-0.241799727455702,-0.256945348421465
1.40733332475841,0.0583038242143034
-0.345625517936186,-0.101725283833679
0.883377609337707,-0.524139892408315
1.27766262367563,-0.0250742499296369
-0.372553804064331,-0.00456303814929498
-0.389058673218514,-0.2354230073041
-0.317292307753352,-0.300611378335519
1.11879928736726,-0.481363759117411
-0.220247390733385,-0.453737266099652
1.34382294818337,-0.33360509601873
0.395199836213779,-0.618329193891972
-0.259546278212989,-0.214994653469343
1.29684228761643,-0.327110496432848
-0.415164811082448,0.157337792593401
-0.293583033296586,-0.248355953554123
0.369849965772014,-0.742361671452425
-0.205597179040568,-0.290290339525758
0.834388514215918,-0.590252861101181
0.727160521603201,-0.749297962307053
-0.118312084187078,-0.572866515870169
1.2950799633449,-0.227771785717512
0.398778279651984,-0.623502714205996
0.346471223900399,-0.587915462867543
0.455451047577525,-0.626278668342405
-0.368536090485843,0.123113785005695
1.13284671045688,-0.331235696333436
1.28402821079011,-0.389740906338372
1.31922150725034,-0.365152631144695
0.850662920891741,-0.564691713346443
0.533501434026176,-0.615354102886315
0.199057279863011,-0.748012773966691
-0.300918396166796,-0.0544219555477887
1.3384120570621,-0.0327548986163512
-0.266713592728217,-0.311049479587404
0.610180879834519,-0.702962531611417
1.28969922323281,-0.044832398287654
1.34309409888813,-0.181285101616894
1.1416447309758,-0.307808145815263
1.16146208826003,-0.450535948745166
1.14471775770897,-0.427460246762973
0.553459965044195,-0.674933332465938
1.40149587186611,0.0940080091808707
-0.0541292920221513,-0.456702830764586
-0.256685615789962,-0.138888999529975
1.28619160568718,-0.2986570421085
-0.301535014139607,0.141278447895884
0.963787698783783,-0.598817641772752
1.32457087015542,0.139320008895789
0.392040089917977,-0.78909676317574
0.917806420557214,-0.505598155528564
1.18271515467384,-0.489594581954461
1.40888849981458,-0.00611196472368056
1.29843909823025,-0.0200755918895148
0.457476773147055,-0.769422963596101
0.232776825992007,-0.710912696193972
-0.115291673955767,-0.405233924238952
0.47277378695762,-0.623413683712691
0.348715615569874,-0.648148023938991
1.05663867124411,-0.479453259373307
-0.143878602864932,-0.330214127532484
0.668123886193399,-0.736141846450359
-0.245632014139128,-0.159318945341639
-0.0401952918650362,-0.631089830118922
0.406639172362162,-0.715630940942916
1.47787820141151,0.124382530458789
-0.000497714789098214,-0.440113859521925
-0.302636628118772,0.074036134885904
1.13524736561263,-0.401171042360656
1.32257401595081,-0.100474657484827
1.42597207361061,0.089990271318142
1.34487901548675,-0.161918576043016
-0.412313633420011,0.107734445257991
0.454348810791229,-0.673659328743862
0.239800653030803,-0.670419787737367
-0.101298175247208,-0.459638005137288
0.404734340528403,-0.764282516685901
-0.35287157823844,0.0598731997260733
0.831534839228998,-0.646909605271229
0.298334528668562,-0.768686650771796
1.43291783536445,-0.119572730050016
0.129922474221586,-0.652634402662924
0.824270695456897,-0.54278948720999
-0.00720671165070041,-0.453590392808565
-0.129604347892334,-0.572800311845755
1.3537712879179,0.0405868824333919
-0.328720941459245,-0.0888838765664336
-0.416379690249155,-0.000239725129844243
-0.304757715199293,-0.192618030884339
1.25478768972018,-0.300500497953915
0.949267262038655,-0.474965420417614
0.727222569106384,-0.726457061966495
0.752436249565846,-0.599727197505129
1.37140084854962,-0.0835555942483023
1.04700612648018,-0.446370363718485
0.841040934252703,-0.635910023516945
-0.315795149081228,0.183597181374273
0.721957305237226,-0.753948751476436
1.11475889331112,-0.494419009682165
1.45056507459998,0.071625153825001
1.32157087495086,0.166715479593021
1.32005753628385,0.160266580421732
1.34191770251677,-0.0732040737414431
0.111852633112484,-0.649828136364292
1.38356741987488,0.0657200592743015
-0.397466603453346,-0.0608558052071874
0.780942123053738,-0.622654593527057
1.07105733021175,-0.569065323628017
0.497175305202158,-0.646379859181859
0.666643567121777,-0.650244295341881
1.31335467612843,0.0474933032393724
-0.390413486889651,-0.113994655421308
-0.452173525097795,0.173436186647778
1.3178920384979,-0.184308027658108
-0.0546723061020958,-0.545284544356988
-0.036235843630035,-0.623756339086007
-0.419104016485175,-0.000248080542404827
1.03522724326361,-0.463794035229446
0.623889538387403,-0.609249707910678
-0.346033105495137,-0.145554851303378
1.24130233588945,-0.330899832023861
0.292211784716599,-0.698054696992405
0.754690706872708,-0.592651722663802
0.772461754739538,-0.7611016915992
1.22102211144064,-0.28631721865396
-0.0170966612568806,-0.522086716625654
-0.0588465190458988,-0.552358991466287
-0.381197359177309,-0.11339346999209
1.24786161966405,-0.216956978470159
1.05698270377184,-0.414918081024341
0.701696552144543,-0.582038211185548
-0.462840423834133,0.052585959771774
-0.0516665155353326,-0.473427682243921
1.40486853912749,-0.18886628336001
-0.378156440373579,-0.0415222136265421
1.29312158093244,-0.321649347811075
1.04955634960734,-0.516453627906384
0.177070598717681,-0.562367897272871
1.30557659861041,0.0347832843547849
-0.354447535539248,-0.271208182966878
-0.393616950226195,-0.127595430681774
-0.340715455113736,0.05969285508139
0.876560121015654,-0.562019230581897
0.693095777331751,-0.752850222274186
-0.11077170562178,-0.319287152692143
-0.0958367158835528,-0.419028382477194
-0.172918233399502,-0.419621679988373
0.342852737612424,-0.777304465947342
-0.21033849786219,-0.374779316087151
-0.298517297505794,-0.232479644395964
0.447328360332338,-0.690763664755916
0.561710174186396,-0.656206056382991
0.670596757335992,-0.692622597736874
-0.0148458755099199,-0.446018425087915
-0.208703281289086,-0.497541082201568
-0.170547001353411,-0.263871257731919
-0.460585831058225,-0.0149846544078112
0.611938918534396,-0.728374154503573
-0.37284156029554,0.133506970995218
0.309436445477191,-0.637408095225207
0.948472869829893,-0.689252012259142
1.31286339459462,-0.157157169453337
0.442554010494821,-0.629190386703948
1.45690659349362,-0.0418734220728471
0.303437560506487,-0.605151869699066
-0.479898156266457,0.123842498037529
-0.47324343581763,0.03689670718603
1.42513131807584,-0.105345004947519
0.707094447718425,-0.634891848404405
0.00693910824236471,-0.667899036886161
-0.208813873069216,-0.284230619616495
-0.272691579192621,-0.158878105577955
-0.170757373621548,-0.403188167095436
-0.270182686755631,-0.215815275765718
-0.201640897140603,-0.474789021882976
0.329606467835684,-0.596370906735197
0.206018891669607,-0.703095430765439
1.25025296118278,-0.104321495370446
0.921295409969106,-0.535422375242857
-0.488897879743669,0.110374039516521
0.464831165393409,-0.782196314353354
0.994523833338933,-0.581507648653554
0.335008462392631,-0.782411353094913
0.967105007030288,-0.677260567850007
0.138785090483758,-0.534446321942902
0.281763981251454,-0.575280375156928
0.727565898063067,-0.577049312072663
1.1342620102684,-0.48640324096956
1.37629336152465,-0.205126107038314
-0.0377041082000702,-0.47759352140788
0.630069572297512,-0.68402019446246
-0.225023331108174,-0.181989800057942
1.32474903619928,0.0986215340398719
1.05432879104014,-0.563185258869475
1.38410769333208,-0.0282033576116199
1.26600872537622,-0.363426589737725
1.41221820072299,-0.14964787266377
1.22766955041114,-0.346887765793769
-0.470308417782513,0.0130932464872872
1.0910127415085,-0.467604842236094
1.36358011750395,-0.252966314488291
0.0914566027763609,-0.567234563285186
0.722688089335484,-0.619216777431205
0.235981784019304,-0.572588762019595
1.36056088730469,-0.20915995472816
-0.201371537738514,-0.31629059791646
-0.148056702345729,-0.350519180783772
1.33770597189021,-0.279767690285148
1.11950889583399,-0.398160693142351
-0.215809010534825,-0.268643063482663
-0.389703106059018,-0.137529427514459
0.784374591411605,-0.745781625316083
0.255953479724358,-0.71103507650498
0.955983695350272,-0.496641297081562
-0.116200339187073,-0.496951470242299
0.430066310735201,-0.665705329207873
0.00496960116910505,-0.501531681468964
0.625611066725686,-0.727109151736369
0.821847959196695,-0.62440640357331
-0.408550903255188,-0.157088920858449
0.0850303595965892,-0.587037842736599
0.514656108426011,-0.748431170589414
-0.196208866311094,-0.198107498851456
-0.220983301790222,-0.469000202069488
-0.305303655944325,0.168053657411086
0.167672984091955,-0.696307344971767
1.2562020046511,-0.15403914172494
0.0646486241964961,-0.630714367815395
-0.0510685735174227,-0.430068396073425
0.610771334541527,-0.640493846281779
1.08086701748528,-0.401790025314877
-0.340456174858686,-0.141142523951871
0.00821712695866056,-0.517569551135956
1.01576993616577,-0.455090314313911
-0.03158562519803,-0.553144430012065
0.301687272442532,-0.688328539104706
-0.309703059020303,-0.0515399189189976
1.43698677636647,-0.0440984942073789
1.24168634167849,-0.184472109502592
-0.132908170632998,-0.415470608556276
0.131935335950916,-0.578175577836106
-0.422786656015764,0.122126830284231
-0.107303208009631,-0.464782666347633
1.40837518476794,0.0404405363437722
0.214087607446572,-0.750480938258127
-0.304419566450418,-0.152328160503652
0.733974822676787,-0.591600992907105
-0.436033650837369,-0.0300041451439225
0.0743240500164154,-0.561276283430716
0.297293400915263,-0.625791507800349
-0.335127908587423,-0.271125344831663
1.33862246215954,-0.00588900746770674
1.21997038922072,-0.224211202268441
1.19562484933671,-0.284055489930151
0.514936692012968,-0.786142447992207
1.03393731232751,-0.558210751997774
0.824718427052232,-0.627639089718884
0.153200019645639,-0.684331767368776
1.27126593116273,-0.167096042419394
1.07530710122769,-0.490477583295495
1.07169039007049,-0.535363059367163
0.713747923806036,-0.742512149931458
-0.425333260047071,-0.0652076145550583
0.253619251538445,-0.661355803586638
0.151572238035669,-0.680653958930855
0.220799131765039,-0.688719871927643
1.46615345296343,0.154464149391061
1.1871202496231,-0.403330909442982
1.31068128377618,0.159083617524358
1.42107613659925,-0.0658143352492503
0.0152682740803647,-0.490400133306319
0.314520722279251,-0.770022756899523
0.337953929278331,-0.590832227830282
1.47687672278524,0.186360962477067
0.139935330164864,-0.559590993836812
0.110781942688235,-0.719896634248444
0.279956525744223,-0.643354323444093
-0.222987799728009,-0.490801704323354
1.26031502976741,-0.138164555627204
0.625874626801781,-0.727859118918057
1.43062765957753,0.0266611574045843
-0.156908222856707,-0.44019732025174
-0.109360665611568,-0.384025813388763
1.04101621256885,-0.464071176115151
0.284755702376072,-0.666731788153285
0.0510965606244036,-0.612322444186457
1.29587592340806,-0.137864300473466
-0.115072031233291,-0.320716108679149
1.38807826157339,0.17557425085462
-0.28532045355696,-0.313605909310673
0.243578955128453,-0.625047252839869
-0.320753894922623,0.156466538254448
1.19948340744836,-0.359103752673017
0.658691185990533,-0.625107290074878
0.609065893052725,-0.730720001895483
0.854638267248177,-0.72556385432055
0.827933391354759,-0.71232390159594
1.05261469258358,-0.397972949343349
0.647208141947825,-0.702548184059124
0.727958059672194,-0.624832213959537
0.21186264606548,-0.651303839376578
0.586311587423652,-0.673735678921917
1.4762149997331,0.0792887861044303
1.32680050732153,-0.232016092824344
0.565470063597914,-0.681763852861551
-0.220073882826019,-0.478263687402476
1.46049438361022,0.138345204016804
-0.273463272708553,-0.379412427528714
1.03855080213757,-0.395819691756878
0.651084659699124,-0.689714040776997
1.16942274160412,-0.250988305471155
1.31865635417761,-0.154662858223397
0.419652733642886,-0.672588314997361
-0.310805510249949,-0.246207826329322
-0.288214795157339,-0.217878691122792
1.33425968302416,0.059022173948416
0.576349045365591,-0.655372776168648
-0.443169691977202,-0.0524625796368032
1.03962214071956,-0.448041773940717
-0.236920921360976,-0.32500968012312
1.44358386585913,-0.0676098675160554
0.994215636859737,-0.636099839472403
1.20856858307736,-0.489245737684713
1.04029828298892,-0.431599843287976
0.488527174319444,-0.678091200301058
0.82445817272402,-0.745607469766484
1.29015842879318,-0.0741795938921585
-0.348010508391036,-0.0546368502755091
0.728987224720846,-0.620659963868841
-0.345928811991569,0.0186266891536754
0.823616440943306,-0.554408646181121
0.877692028299094,-0.525067064714244
0.205141568990816,-0.579565542360707
1.06687589033776,-0.379030727796668
0.739952039147218,-0.745876059493848
0.907875562191981,-0.563666156355817
0.54863614382445,-0.730057457674783
0.356916821114119,-0.698743412494272
1.05101664770265,-0.61300987875427
-0.383445075048612,0.174990039858703
0.349533749486631,-0.674009074129001
0.16109123577936,-0.687802947765539
1.38577750560338,0.144359750087752
-0.40366305018975,-0.0524537109407576
0.187251292960053,-0.592481825008393
0.686768784527592,-0.594244490712007
1.32402339411697,-0.0368780984484707
1.11893938254902,-0.574720168098944
1.19731944612051,-0.475381242230554
1.15934104790544,-0.262279541155544
1.31074055794921,-0.166550941844799
0.137845764812183,-0.540588113697544
1.21508547128411,-0.251406106543039
1.36413557774392,-0.222676591335764
0.555490659625663,-0.669389588768713
1.45708645225583,0.0173389068274433
-0.105613119568554,-0.376724819607737
0.574536976373527,-0.714519588331861
0.04214779100168,-0.47176238677288
1.06939496643773,-0.544425822527463
1.39150357493016,-0.144656618431369
-0.131271452321003,-0.573651534542067
-0.103315284921763,-0.422830626797376
0.950014039835972,-0.516261323811574
-0.356788131905077,-0.214742185256411
0.687646181768005,-0.755029204400486
-0.378208960803783,-0.160689682136829
-0.198574263889644,-0.368300256258768
0.20845024535773,-0.667764854723239
0.786355233368727,-0.609241238091155
0.0963453356689442,-0.607484531126155
-0.307347420829132,0.152224779103952
0.695430033346597,-0.656633044040821
-0.400968291121641,-0.166876675076219
1.41452744981066,-0.102348279769304
0.138474847696996,-0.657334290202424
0.993327689287283,-0.490815660930975
0.526792481559575,-0.798766047489936
-0.119338439627748,-0.451548084992483
-0.133713164073854,-0.477618986924129
1.03794081788832,-0.604070837978913
-0.0443810719161212,-0.448152315283729
0.7810039098176,-0.726103882558641
0.420568032095337,-0.622099057495445
1.29901536753843,-0.287569718153948
-0.0740468264586697,-0.612091638477461
0.936276144320449,-0.560703603830909
-0.171641528446935,-0.238668390059924
0.973733320546618,-0.58948001030067
0.912712261493186,-0.634968566613941
0.744692729203306,-0.562149885899062
-0.416498162102156,0.155368580048361
1.17035569618657,-0.293600095926371
1.28248450480997,-0.0540109017629796
0.0243038640651989,-0.472407355601031
1.4487171739554,0.0778848048434901
0.254298174951927,-0.726947707770884
1.14692281541785,-0.288543757159514
0.433478940140865,-0.605717057977625
-0.0988800548918065,-0.38343619802227
0.799104811254673,-0.64421320033201
-0.0817915414713244,-0.482410559000119
1.12785977228901,-0.523791251885374
1.29018452617708,-0.177968392538419
1.21262373232759,-0.29915009022663
1.09111898038781,-0.535211584716404
1.27862957684199,-0.0990667306628634
1.31967461911148,0.040797159914519
-0.0437838735458336,-0.457030809456378
-0.497325735388862,0.184603914509641
1.0369051025425,-0.416894030516066
-0.438601929066144,-0.0511461597019754
1.36685509776571,0.0646248884008064
-0.143865393919598,-0.360484509207435
