0.502400472391809,0.186742459541109
-0.179525261399068,-0.541234300749551
0.356320389553133,0.419903587164017
-0.342316524051656,-0.407505024001987
-0.146406454717751,-0.44245226454712
0.143253438137647,-0.473599880914727
-0.247915081897525,-0.327844972146786
0.425279564954081,-0.146441762379027
0.395751701381817,-0.379417310770176
-0.0285735856532301,-0.415620613759101
-0.413841335833109,0.301305110270331
-0.427030028706023,0.409100875008487
-0.248614145303986,0.533634504319814
0.127902145847829,0.456028728481614
0.0157174646081778,-0.431838898019499
0.399444785428843,-0.123314017618031
-0.495953506946893,0.265133784884834
0.386225658414583,-0.37196878969291
0.348138031794186,0.346025150092951
-0.0292772923258628,-0.514019023249758
-0.112999615917375,0.570776466833969
-0.403269934325997,0.417950256570334
0.422708418685426,-0.0415038723295863
-0.0688449978438112,-0.412605938178108
0.453320138630678,-0.0394109154790348
-0.380254538432955,-0.330610459235785
0.0600774239871609,0.46633408612423
0.0580612098480399,0.520533980809449
-0.367215842239825,0.442134905790398
0.342100400602326,0.211570934860663
0.286632883797235,0.51884891010218
0.0856527463870422,-0.562340973107962
-0.401331610644814,0.118643737178825
-0.531210044986399,0.22603452212687
0.498986586373399,0.0532503806458591
-0.467129875422531,0.350554080984668
-0.147216133357105,-0.414016084846526
0.115946282122886,-0.531345214326176
-0.207350703862472,-0.493094676763973
0.424861766434449,-0.326878221654555
-0.338502795411465,0.226753769005138
-0.560001763968358,0.0459258548950143
0.398952452767735,-0.241725489593669
-0.368311873971237,-0.177849642583762
-0.0815140515463732,-0.407645413225208
-0.32640155317318,-0.408565260317987
-0.403828415341481,-0.259304459019785
-0.0283498792210973,-0.591560429748449
0.116252117097769,-0.585237636430145
0.0971366336815297,0.455942647340788
0.405220864396592,-0.101048226981654
0.0880557900647927,0.545561400109522
-0.427077710486304,-0.219982975355633
-0.37969675500851,-0.12722234325083
-0.328970297448645,-0.461888184878131
-0.0415829741294381,-0.457256475372531
-0.303131565296324,0.377257313894598
-0.420800391666773,0.0867097559025548
0.430559087610436,-0.0320634172534078
-0.466263263614737,0.23302885114557
-0.138620687535766,-0.49414523701706
0.0556940473864666,0.432089160296197
0.47429987463502,0.260004462295562
0.439196992980929,0.0597807882927589
0.448523168112614,-0.0134786784760092
-0.459239892114869,0.129668572799682
-0.321991375498185,-0.463994443834341
0.115255960637348,-0.553280982144998
-0.47917914023691,0.0412837475702148
0.254683344420716,-0.423908995117754
-0.273264565256136,0.409966690104313
-0.423184684799616,0.0199038545419387
0.0561935157910098,0.54354934173031
-0.247072489556575,0.441517689117564
-0.36223988710265,0.409135513374884
-0.446295577962793,-0.0789804091797379
0.434988245114669,-0.13544310496845
0.222915585056512,0.478933300823089
0.311463760517025,0.480432103182806
-0.488092438154229,-0.091596895863492
0.419074644068419,-0.121777541897397
0.0757665458478137,0.544225968186589
0.191624991926586,-0.471047533563498
-0.466005762025598,0.14680340257173
-0.094112059933285,-0.406470561854977
-0.517863329491284,-0.0156956161707624
-0.288011154006339,-0.451261490189493
0.464924445130733,-0.300924655324503
-0.554624287980087,0.106567937531257
0.0803125071377533,-0.493821321528312
0.16827597526363,0.431508735231949
-0.169385020674275,0.521056154651073
-0.0534302111800552,0.415941764186396
-0.436533603660295,0.0647222917861361
0.584077759600838,-0.0373192411491127
0.467687119852311,0.188224194131217
0.356492651411492,0.273846349248667
-0.203572624355061,0.438915736946528
0.0243978504412331,-0.479911455588611
-0.253730187871702,-0.363588911614654
-0.441355966485885,0.288518554094033
0.315499202016712,0.328178988391418
0.353913398868202,-0.40724737194867
0.386608060070245,0.251517400207709
-0.0862355001815933,-0.548909619500222
0.49734635464229,0.265539299171611
-0.0742565386923347,0.474422528746084
0.514293461364232,-0.100033551485143
0.271787178312318,-0.351652312274535
0.390766428208588,-0.224439258953415
0.52006657210162,-0.0355886321763363
-0.292748082436303,-0.415084653183462
-0.101849552929958,0.503583947318817
-0.423762909778592,0.134633110204824
0.391547738630209,0.19842386567852
-0.479799394123522,-0.152700900769387
0.118949104237734,0.434364204282604
-0.51188300896153,-0.0926636307197188
0.257695607887058,-0.323879212577842
-0.511651293325218,0.123784391906718
0.156571850948532,0.397477263823122
0.413873135144025,0.263041542258974
-0.387504562382147,0.238570978396684
0.0723475332756187,0.443572518138889
0.484591624847879,-0.301027957097674
0.486877356220443,0.177000872102464
-0.510599451552101,-0.0117899402567253
-0.00643187850321269,-0.440808576243081
-0.395494353109878,0.408719968154522
-0.472710716467339,-0.219569591570921
-0.21446083862574,0.513104322742658
-0.115627778023658,0.417860583408443
0.382662834078223,0.174609367506555
-0.28792524234607,0.417197159150291
0.563925706016043,-0.045414429744503
0.329103696737618,0.386112511113134
-0.356777987585206,-0.417639938570455
-0.428073167410443,0.0258885282810747
-0.376799433666257,-0.205462716323609
-0.458325391315287,-0.364769048949
-0.116981633244313,0.517240569113755
0.188374763316369,0.546353419709902
-0.465455320042984,0.196403147866984
-0.43029995706474,0.215424592676875
-0.0585552528608074,-0.56229676308505
-0.454109263174408,-0.0588959529953128
0.167173259655687,0.400158430264615
-0.466194267751042,0.16082589265123
-0.094316018000203,0.513169862407072
0.354692928410651,-0.194202011636223
0.563878817636436,-0.132911652793421
0.132993716435952,-0.400208410366073
0.229620246037026,-0.432479223083545
0.0421055742758564,0.430197973965933
-0.501268883664904,-0.269157268782453
-0.515797543681521,-0.0650671628773866
0.205714245523511,-0.420251201581978
-0.135636173760791,-0.436952539100568
-0.434287930445163,-0.249985148780488
-0.491833163741952,0.0668005170379138
-0.399415343624374,0.408769853234693
0.329790577619527,-0.322624298155709
0.231492610700243,0.550024375637326
-0.467063285405442,0.195930740642903
-0.443560998177403,0.227921956534243
0.261247700228239,-0.47844528885362
-0.240749417474866,-0.364432904966119
-0.368249807523365,0.444530920058953
-0.443735319760175,0.300810231650525
-0.213121076392742,0.366585353138267
-0.504514665654432,0.170905204352444
-0.520210203337211,-0.213102657493027
-0.469936099158887,-0.212399469602164
0.442797593889576,-0.260632622938216
-0.196843032516981,-0.406674479063841
0.0242141497875154,0.575492978064742
0.534288491484215,-0.129764271309391
-0.38635009351038,-0.231010871084074
0.344160990474687,-0.258693107595397
0.0662741168180795,0.5044923147185
-0.510760840917358,0.244131214416531
0.401235621528815,-0.194975444223783
-0.31121057085355,-0.279544572146688
0.283658269286894,-0.343187003805641
-0.374904093735512,0.465888968876327
-0.386294586045875,-0.133599754163617
-0.566402189819939,-0.182687981297864
-0.00431570084488888,-0.480452208802151
-0.376014877148382,-0.300801172435854
-0.547582230126942,-0.0162110902162598
0.348615005082677,0.283452706898268
-0.448540017743537,-0.0092193606737196
-0.420214255609245,-0.31332715123287
0.346027313153688,-0.461741909466881
0.447443359453043,0.0146449692019992
0.109677358712585,-0.453802215984444
-0.177659751262101,-0.487353675580613
0.0725129690265591,-0.408284572406196
-0.0558127045517983,0.540869224494092
-0.460956286711384,0.117183165791079
0.282156569980974,-0.511289579841546
-0.489153339978229,0.19197213463732
0.464478831214949,0.190277709866147
0.0465204711902068,-0.534053572932499
0.385566026520088,-0.1556552101336
0.411397080087005,0.0354775832674149
0.40933850705485,0.133011316832243
0.44917258333774,0.253409861055316
-0.422046527286845,0.268527702529104
-0.395541390652426,0.174463578417548
0.205716380856089,0.383225503152673
-0.396543408977511,-0.17649438485015
0.455191988205204,-0.136876003410057
-0.285065650932822,0.362066152702299
-0.486558962001514,0.0103786883370627
0.563152608784705,-0.12679839815296
0.470433268916653,-0.0597861418528545
0.0771951423604296,0.407933815802727
0.386815788780734,-0.370220213066321
0.0943000459749519,0.583175843027652
-0.4917035010659,0.0773380204231932
0.287022892162101,-0.3151889375646
0.462314891058808,-0.309539693098912
-0.259457735136077,-0.391332384339316
0.349959814255971,-0.320894900275684
-0.0860381403666151,-0.426811061658344
0.0277821217949397,0.425268158875919
0.486347957267559,-0.0678733393162888
-0.0544872427380221,0.578796885994387
0.436718140370741,0.191418406071743
-0.3937540876348,0.43873761711373
-0.273647913859891,0.523401704602137
-0.25290172211639,0.541228986604975
-0.0101391078644978,0.499425995905539
0.383678379010334,0.13250421035845
0.561139708014058,0.104475691723458
0.0331600029257554,0.399121631537844
-0.069469590003715,-0.546908399266198
-0.0606506470735915,-0.448523605619962
0.236600233135246,-0.525656785945584
-0.238519920730948,-0.429575906192234
0.433042680192151,-0.182902687623572
-0.455468175103594,-0.28808512976015
0.245413010890024,-0.517289033055873
-0.336581420439478,-0.412752403128794
0.408330326735985,-0.330186121097974
0.0334244805994795,-0.492325951434466
0.100552490764565,-0.405323470142438
-0.409559671396074,0.347534805321197
-0.0732834248468334,-0.427323687706375
-0.275582246461305,0.495440553210627
-0.0249574403096633,-0.507107553341484
0.219682224240689,0.490659780531219
-0.02602385664512,0.54766260841698
0.364199370188977,0.355911013956052
-0.430673775213022,0.281960479912071
-0.388615869577854,-0.282870150335936
0.301022259696444,-0.360665151255666
0.402257965914151,0.173527025325924
-0.0266153659808989,-0.555840973783611
-0.503774633579171,-0.166311598491895
-0.486205257063271,0.0903201742331708
-0.521849686187702,0.0604813019467395
0.101745592166081,0.387542263037303
-0.283077812753553,-0.486878669650254
-0.394425525334223,-0.332271162556024
0.587734968030316,-0.0714941969327111
0.518053753253394,0.284647035497814
-0.410399343197469,-0.350631436795819
0.078327386124765,-0.551491631641713
-0.0956563612872033,0.494403679165177
0.585620160164115,0.0414254934028635
0.395896883991415,0.36482392917006
0.512751835471335,0.185031608520716
-0.00292981020372573,-0.43936138812452
0.444969267550303,-0.19734756530929
0.581343724167893,0.142075425238308
0.309440835019287,0.357806211928422
0.19592053782137,0.422218248367984
0.375731436959581,-0.436568665359404
-0.37888623419102,0.425256392986702
-0.488464282621256,-0.180213960655586
0.235998711250286,-0.431104702800643
-0.364205948243902,-0.24764833465749
0.553873310259043,0.190997423163204
0.0193353099062485,-0.402930202915568
-0.0462913300585901,-0.434292248206946
-0.447518434770626,-0.396518551221558
0.54269752240585,0.132423150778995
-0.312003470887089,0.312809473688758
-0.409638529721016,0.395247548768816
-0.500570683233022,-0.306334088657662
0.0753454305755172,0.414717668770705
-0.287348034659479,-0.320374941960476
0.103137611638482,0.49816183280287
0.516261873982437,0.242456132992198
-0.246473498916035,-0.42715382150092
0.40544013962587,-0.294023074118958
0.599118709393328,-0.0152217816663738
-0.209539951633404,-0.384432136371661
0.415255048161276,-0.1861595159971
-0.45005479083507,-0.152879727259154
-0.147205820252311,-0.381517204316172
-0.421327376412405,0.0434739349202262
0.233822823318774,0.440160610941174
-0.326953077108664,0.325422193158242
0.0897730626640476,-0.434871195225409
0.0332772087930491,0.40518431541593
0.0580347454738168,-0.399075768779969
0.412823099052554,0.215124069724419
-0.0527512131074183,0.496534560797546
0.393175541654302,0.393804750122202
-0.346527553794964,0.312231049438064
0.241542485206811,-0.505361868577932
-0.0408510478306251,0.573915573712101
0.395730788921945,0.241260273024068
0.524463142304071,0.125488354243818
-0.43595976335967,0.389727253856491
-0.167383809991521,-0.553139479601451
0.304946579926694,-0.42099797263858
0.161441069716583,-0.391417053384412
0.420902550003315,0.0758368772624397
-0.303493636838061,-0.358694784566253
0.381284966208985,-0.162793024127083
-0.497555236670069,-0.036938756230386
0.19779996825617,0.362698174368908
-0.361450678011746,-0.408011081924059
-0.195330556095957,-0.512663725964336
0.479658706536633,-0.0697020232330073
0.142120580081681,-0.468287459636935
-0.444365802843099,0.269062632256357
0.0476197955321795,-0.455914197249313
-0.365440184640369,0.387708995186562
0.410631401835854,-0.0969914978373665
-0.409475416398543,-0.100516076270032
-0.26960172800162,0.358112042113817
0.0312749813900598,-0.47294695918085
0.418210221471042,-0.046748882793813
-0.319852429547498,0.295126144256403
0.446411068960421,-0.0595610432188798
0.504609717197087,0.282415421945438
-0.44392567565546,0.320535849267674
0.225594530449083,0.441992551078521
-0.517287805119227,0.0557808759075685
0.352489856373505,0.195257638577105
0.437407720158338,0.0728713655500867
-0.438695230463958,-0.180801459815359
-0.470509227160973,0.26499697618573
0.0526984280457987,0.506799364582657
0.542841748183196,0.229182799644032
0.58812824791786,0.0502737672484146
0.103995145399671,-0.524762596561379
-0.250839479094948,-0.437153579027945
-0.0778013516081307,0.427269438237593
-0.339714986614618,0.222635690018
-0.187635793176103,0.361310259939207
0.464575034319462,-0.342227247754029
-0.375552434679116,0.241444175504064
-0.246279592771734,-0.327401435641448
-0.121789613283641,-0.412897270683335
0.391660900159044,0.262915327882322
-0.322353461910905,0.442313737040302
-0.156367508862366,-0.543158634327891
-0.515184542866587,0.134671951515032
-0.424545689351307,-0.337051541467516
0.112995444255465,0.44242862303025
-0.495962637931967,-0.113503022669728
-0.443264348687078,0.313714879220359
-0.228000201261677,0.538383628555403
-0.364464217453264,0.371824523490453
0.464427557945147,0.134971681424281
0.303444377797673,0.277397917056365
0.588173866530417,0.0573759624240986
-0.302826123397909,0.363959172021301
-0.135398112824065,-0.401420181903002
-0.0802770860189252,-0.527516711400818
-0.0238099839418968,0.439001010152957
0.228529294449245,-0.389547315565139
-0.470592188421859,-0.003609029621163
-0.467336274537037,0.0916675771807812
0.23019658512321,0.441069558909996
0.31414961503244,0.444955828553694
-0.561794586094223,0.112526242488524
-0.153252712256175,0.479112314971524
-0.524187018731334,-0.26428946161583
0.525797284048697,-0.129055488868701
0.456854798193626,-0.192509413532036
-0.0473497213336691,-0.470438370216765
0.176415976168962,-0.496142736505276
0.175946446799461,0.495747522597544
-0.579347093676998,0.000872836018054916
0.0951641976248749,-0.535719553177481
-0.000601531683253212,-0.46693947556683
0.533094942777916,0.198748884163369
-0.125952571880893,-0.486811115581844
0.53602644414348,0.153196841487274
0.165427073174434,0.452210424743856
-0.572505968005797,-0.0017835840778333
0.405885355473114,0.351827439693824
-0.491369135632082,-0.0841600849265269
-0.0477298446522042,0.544504107577262
-0.323850968642419,-0.264059824056892
-0.423206477560661,0.0617803871989986
-0.186054601306705,-0.50537631312959
-0.485098038184198,0.245810755574298
0.176476590671682,0.545287786449872
0.353665418085361,-0.301591867167993
-0.0669488833427148,-0.495351082592089
-0.0895083664139963,-0.525548992560171
-0.294855313110772,-0.295446620909018
0.481966193598288,0.273540724108787
-0.481846792585933,0.28870738755798
0.370088149888236,0.330489359635409
0.291859559267139,0.370491922367834
0.400818474341646,0.429870826820475
0.335254259650532,-0.28771436570171
0.165114047896918,0.385555755787773
-0.12076203025382,0.498128068628443
-0.423661367812696,0.0917957307432572
0.21485286442173,-0.503868781878659
-0.266313932454519,0.52759040417766
0.0878862685887187,-0.43614267381285
-0.442278670158993,-0.116051605553977
0.277261954968076,-0.3529759049085
0.453320688432971,-0.202848120105889
-0.251145933978332,0.361835971894683
-0.44936471412071,-0.120631971062893
0.278600248654651,-0.327719256726773
0.413720108984958,0.266905286034222
0.481835706245822,0.223533939765648
0.41503946497885,-0.0170914453848323
-0.303850901367194,-0.358709754287826
0.083551334763939,-0.43458538267364
-0.315908822874672,0.480723294556415
-0.510677379216266,0.0103349616389814
-0.458174384213072,0.350406417799453
0.230797296186477,-0.410710060881454
-0.451224012517603,0.39126178413894
0.503550864477555,-0.254687404207234
-0.444710687807316,0.360034270091746
-0.349464797060869,-0.257202132546053
-0.17252435207329,0.428019613161125
-0.0441563995005351,0.546725154471539
0.43145242611595,-0.370917389021192
-0.592831892976118,-0.0752715657641366
-0.345009846795149,-0.25880461895793
-0.44726193610835,-0.360135889488565
0.348033671332546,-0.431358780428983
-0.540181882309747,-0.0202248437475272
-0.0729605231918153,-0.493801255077976
0.377171127214564,-0.236153024708398
0.436511192928342,-0.320133033486429
0.351132346186789,-0.236868817541432
-0.117300982899453,-0.439012145689094
0.487142729313696,-0.0693183415023474
-0.172094916294898,-0.38282485247964
-0.46064305854062,-0.0623209272701826
0.0626846587112334,-0.492108816903306
0.0855102648784443,-0.443032236325584
-0.23895770186376,0.365918202794594
0.375960940477624,0.369110954150643
-0.550053269417693,-0.233276371955403
0.105225425262069,0.556419851804599
-0.290633134693194,0.431366000524867
0.439357083098982,0.0343177085222199
0.442017844924135,0.100840291745513
0.151362909344847,0.48770713103463
0.0883974740449859,-0.398070745066596
-0.366115501251145,-0.467736730232499
0.368059260096302,0.244721175007254
0.115814730646614,0.480071471082572
-0.53274827831007,-0.0990773129479514
-0.382505183317582,-0.290388615240766
0.449357763160845,0.0431631628245841
-0.178475257151956,0.416505406594976
-0.0867837478925694,0.454683657112197
0.176423324141678,-0.566540872905402
-0.393663106302333,-0.334857545786761
-0.43501529195484,0.00814975915945837
-0.347483455176034,0.216612858089812
-0.450688698814229,-0.113193355496233
0.351710425978896,0.30732419805088
-0.490154789093349,-0.0518606364750192
0.320839681759468,0.397288434973397
-0.459186670333376,0.342477456076264
-0.178936049228422,0.408043191097894
-0.117452428009747,0.494186972211738
-0.259918121530576,0.432627876794879
0.423273856150363,-0.105329338068301
-0.415383915814567,-0.136656485845563
0.439793835177534,-0.406329118960512
-0.368191659285632,0.439783168237153
-0.477372080541773,0.227590544476328
0.00800449671472351,-0.512289666052885
-0.352360870455814,0.229382785693095
-0.510299239068127,-0.121527969442221
0.188975507318574,0.406044342061658
-0.264122723919098,0.434955911150669
-0.501415745360796,0.282267430270238
-0.506303071746823,-0.256487978230145
0.514134164924641,0.729143599625771
-0.220702181249021,0.801134178805818
0.746072229445928,-0.47397740924825
0.106418899854719,-0.929772065315373
0.798006621315527,0.343814249988246
0.831345259934978,-0.0307772503954104
-0.600993008496628,-0.65257854602534
0.8361084068465,-0.0721704522706798
0.913374056813594,-0.332654715493788
0.553185361688211,0.652647463983803
-0.174234375732673,-0.922486010389342
0.857203672584456,-0.133036772101629
0.749089706986699,0.552526530710817
-0.740730949207392,0.490850232089291
0.176325317349236,0.930297203694858
-0.689891537933625,-0.580943851318035
0.90640047999252,0.256930438307516
0.797086684027233,0.403587644942989
0.783248405742007,-0.421637029717955
-0.515977610823548,-0.747965960572113
-0.609479066191017,-0.547341807605182
-0.415658356010926,-0.687102627737284
0.877613162415896,-0.271493398128407
-0.0616728753332104,0.94915229673316
-0.461477863355657,0.694408477077866
-0.464282863103914,-0.701833091454696
0.884648189191804,0.419822276051765
-0.451953013725663,0.789036911711359
-0.899083162855855,0.340441210364739
-0.844390858489607,0.292089090931513
-0.253702144488713,-0.768383612366403
0.281761135040229,0.865923753294957
0.388819726722308,-0.840210742619679
-0.749565519887007,-0.529408218653143
-0.790068196070732,-0.33614572623841
-0.749255814717982,0.396760851442089
-0.278789122682866,0.848809507348891
0.613065833694344,0.632039908107324
-0.90497499243017,-0.386503632551432
-0.000727204484788286,-0.806016624993947
-0.897194273577601,0.306483141225418
0.745461643719941,-0.558738555758102
-0.331971254693622,0.87779511482908
-0.648955301043165,-0.482738488028997
0.380992427909284,0.757099654905995
0.933053668729004,0.286286180183209
0.841159815072117,0.111637087220317
-0.163176068361737,0.951829582046987
-0.60388592985276,0.639394407408841
0.686827104853081,-0.543240568329512
0.412774665046163,0.72319484093666
-0.403758064841451,-0.80523610352001
0.191059062368588,-0.80674618708015
0.472568759328957,0.730484597016584
-0.323375362486345,-0.732392011159335
-0.477618206377077,0.704358974839898
-0.530141007758237,-0.717949520554772
-0.228508910372219,-0.898375233091976
-0.8829711219955,0.0754582381962155
-0.873581207438949,-0.450432917458758
0.451684131313404,0.831917470210507
-0.58253320380209,0.793026976317386
-0.853185101010768,0.357111503796186
-0.676091729599246,-0.463734923623077
0.913380172244238,-0.258194270418394
-0.133389827025216,-0.807463254435538
-0.0118146490791377,-0.88698794843075
-0.512699433766711,-0.854347959247402
0.977088840583879,0.0536558921889793
-0.866357223698515,-0.248094072662562
0.544124579246713,0.74830476921578
-0.897642920911425,0.0411130499991037
0.85522111679527,0.137402997827772
0.470314279656585,0.647754474145484
0.849454517935458,-0.464029091772453
-0.860931559547807,0.242605202851581
-0.983254449972293,0.115888752527471
0.656957119500714,0.640172300509151
0.0264098146224917,0.851868393062025
0.750949729763188,-0.312973056364576
0.128201165984734,-0.806014099059478
-0.932446050246506,0.0188484623316691
-0.543663289741265,0.785748208874254
0.367149364826122,-0.754989711620076
0.437084744634455,0.769627523700737
0.286280150858828,0.885526165211963
-0.959856518893134,0.241910569660106
0.917486786964627,-0.217983906119984
0.835491160844487,-0.243562920153919
0.605102990083535,-0.6444626484856
-0.26484444672613,0.792470069497209
0.420638093159124,-0.753541975013839
-0.063378560989597,0.82724099136237
-0.834232840747467,0.0369966148322067
0.820260582588716,0.28544834723827
-0.724602899406308,0.607355719622705
0.655017664242227,-0.56095582887842
-0.68646997146656,-0.591781667967664
-0.113371804478436,-0.846833398108718
-0.373315452702153,-0.823645591320427
-0.904048384402622,-0.413931660440689
0.360389090997059,-0.727848761371302
-0.782945705402287,0.330854709272311
0.674257049945379,-0.506546171888068
-0.332867180914221,0.78845189257868
-0.176490071945046,-0.948918786564889
0.112513779333314,0.859814668085073
0.419529650034594,0.732709061405877
0.430635662812928,0.71331286937892
-0.83784524303896,-0.20407398219359
-0.0327442855414893,-0.870762686494298
0.396431493696974,0.768568920495401
-0.0792559147297682,-0.851925074254905
-0.501429470618336,-0.697595974401263
0.349794282057568,-0.803568400935455
0.909892842179147,-0.34352835088542
0.728518323506918,0.595320201261631
-0.0786857248686835,-0.945734334457484
-0.644531908026708,-0.550668328920658
-0.342320621079157,0.750914245803589
0.206737863519009,-0.835606216090922
0.865297542498481,0.431341476767304
-0.387440618173867,0.805827867036141
0.829390651885184,0.138000015722722
-0.897472444481825,0.163015729915741
-0.436915106060245,-0.844527272881329
0.199656782270742,0.92237461493069
0.663396792525088,-0.674010983626753
-0.615271799366168,0.724393205579728
-0.451609455763733,-0.766706160070278
-0.565632285726829,-0.627078925827897
0.650196467157169,0.740694754363628
0.238302520367289,0.969679054697242
0.639866200285759,0.707984150031623
0.318056589827976,-0.875016107890042
0.851020013766211,0.417096012738798
0.869406658821048,0.209529731148246
0.259895127732564,-0.867104526447561
0.869392445493749,0.0356679542117196
0.930281364980958,0.327439743121563
-0.237125416774279,-0.860975411343094
-0.881713381903553,0.225293296058721
-0.247918032176587,-0.762032382077462
0.671602696715315,0.538869638338467
0.616335015524584,-0.669164438138596
0.345196953601773,-0.780093864339938
-0.469674911349012,-0.796126799357331
-0.749026069045066,-0.659342968883091
0.977441772368808,-0.0060283528926439
0.961077292803093,0.163665777775788
0.191216257079189,-0.931424336886303
-0.445027726847376,-0.826377869510988
0.765898272668306,-0.537880108570046
-0.17117232463592,-0.887735705780841
0.79187102791453,0.39627174208888
-0.824518139323753,0.458307289171009
0.729739219754615,-0.469941016705133
0.489911759394904,0.657748547012043
0.841418117214196,0.540206338022996
-0.940169908028983,-0.0472659285509093
-0.843206914819239,0.325291988519376
0.405157462345419,-0.710060227998549
0.957397197749794,0.218894151078591
0.774032131925482,0.446196376649164
0.907146418153404,-0.0688365110574213
0.785956574279594,0.183206297984239
0.11684339606197,0.816206845004175
0.775311889849291,-0.437686426563867
0.255033919730373,-0.795527948275339
0.713240942746012,0.511032949708826
-0.261490238885989,0.799845183924331
-0.0884195973633277,-0.865696545103589
0.870529029262546,-0.434386832569263
0.933836409974269,-0.0880842757675959
0.30619244787859,0.8913135557766
-0.497088566892722,-0.634745357572762
0.744200072666315,0.536038796145021
0.281084818114038,0.866439944102378
-0.513675166560528,0.848782287643772
0.00258868087275932,-0.983675275972115
0.402386817556704,0.862474618895732
-0.505253230657332,-0.680685687921092
0.387224431122872,0.85784477249612
-0.603744001146904,-0.57423619555085
0.0320273442677843,-0.872004108322681
0.0208035402932558,0.817378174800843
0.715224891870585,0.44581940627262
0.430401912243021,-0.730847047961175
-0.826250366681579,-0.195280943452996
0.813711595519608,0.435017311745433
-0.808910265667306,0.129330196291363
0.138584940584542,-0.805666770769263
0.789678941958114,0.28601365258338
-0.90017630412027,-0.303546173413699
-0.831813337143881,0.452725579440851
0.519625437543443,0.724568922768494
0.969454938707599,-0.0334078286414346
0.537811391048807,-0.641889992244782
0.538759387257919,-0.830354874016404
0.461811867062386,-0.658221095599496
0.254889711707425,-0.785273331529366
-0.909618232633855,0.198205500997701
-0.97336193072802,0.0394012268796001
0.462051411439633,0.875893688470747
0.66836959953987,0.732212671330663
0.525244005039893,-0.742638168350495
-0.816544332309679,0.101785243846485
0.846058992108307,-0.453064366557481
0.673655554986077,0.676277856894143
-0.59667523169841,-0.745379031481571
0.531772002503859,0.775763477900232
0.953511048729738,-0.0513184070702568
0.0068728910092503,0.800742721536365
0.575008149875294,-0.771769948060051
0.173856897666286,-0.791189771156131
0.791591068125365,-0.591405638911058
0.454381908297693,-0.695678240375255
0.33470876530851,0.884253114462979
0.775785740285171,-0.297682922678926
0.235799529355259,0.777721990893196
-0.876134717204956,0.0384574078219711
0.724255651286271,0.519908384356015
0.691080245180844,0.441491983013214
0.284762969602547,0.806281005270918
-0.887267178698253,-0.322110441438738
0.21954620091645,-0.844227096316516
-0.869585785746728,-0.114650610750985
-0.460214930759363,0.676926213684315
-0.104021935947324,0.986844530210123
-0.89050459666051,-0.257847744521021
0.781076807546822,0.557612101715454
-0.824378217593762,-0.433259345730815
0.526045666373857,0.816265073246032
0.396144168316821,0.893823785125366
0.480638333418221,0.713465829837468
0.943374268016296,0.00696660338085261
0.508183119640802,0.699598653666913
0.638328154807581,-0.5717844992982
-0.832285597694373,-0.163951453838415
0.43557790020277,-0.862968716653844
0.886416934089179,0.188198422399359
0.485653229939601,-0.739185328459686
-0.350737063175238,0.810035103581269
0.0211325597461683,-0.964997982124192
-0.572220126570445,0.751188858032494
0.917700944269784,0.0598250559682343
0.787031869294375,-0.354007388778686
0.816412360566583,-0.161719293082528
-0.511806021138416,-0.636488453398815
-0.672667895578945,0.489106274413419
0.358624647582793,-0.885947924414831
0.206880773438018,0.779444570845129
0.202980565051065,-0.950487551572021
0.606235753551179,0.568803328553043
-0.129264452185671,0.861613940114208
-0.709445425746538,-0.371282700279041
-0.955875732398309,0.187140256355573
0.715936825780906,-0.359142614599349
-0.936076621703579,-0.211433790991099
-0.284300734725663,0.806410627508125
-0.772232140085663,-0.236644479025294
0.846035776632619,0.00618247705616388
-0.617234472969353,-0.692858585464291
-0.330534174423596,-0.777878628262819
-0.74070147460681,0.356949894207313
-0.290993031249476,0.763424027528841
-0.907523686998344,0.103369708336168
0.818096218637682,-0.525518023763764
0.658789743970288,0.497096469110392
-0.943757660323236,-0.0635337516040164
0.660929917067677,0.514763164479512
0.690220804837894,-0.468202153715772
0.716918778665735,-0.424484726646245
0.652097635286093,0.704562398639607
0.129467352790828,0.883134221815078
-0.0431578627311738,-0.972645239511746
0.251360597942301,0.822931420856144
-0.736983322406704,-0.429774327100459
0.617306521889386,0.576764365241222
-0.613950657224411,0.774160251304293
0.599863505445359,0.762785560050286
0.403226252489151,0.820103213668744
0.729425669288581,0.345345337060746
-0.223410820783846,0.875529062683554
-0.681445090288806,-0.726643401868012
0.322209311567982,-0.877485994575946
0.115274618695289,0.963236133258301
0.773275629701476,-0.310510970156683
0.420851139056833,0.767939018526739
0.296608163994789,0.759999662302808
-0.925566232663749,0.342777704613889
-0.66500484416264,0.74058387738196
-0.678565100899239,-0.661084271744518
0.82017556682966,0.393340196131465
-0.873453581381671,-0.384447566775976
0.939978126597183,0.0825385600497095
0.115685767854859,0.852815920692885
-0.763742103370983,0.384340236046145
0.222139477828183,-0.805143164772196
-0.589678343958854,0.724741085601232
0.206318146999324,0.806362445208784
-0.686365903433433,-0.513996376479122
-0.812620084535236,0.359123244530107
0.0327432577097869,-0.917974088204471
-0.819589145715778,-0.0274559127647458
0.495231764619943,-0.808252342580623
0.814373168472428,0.137601018745041
0.176244414428267,-0.939550634825136
-0.470609185916728,0.843821072221938
-0.988234097743562,0.115210417951819
-0.194000210559128,-0.832417400056871
0.35298621256251,-0.934350862989567
0.8650323227465,-0.491255718723666
0.946062001170131,0.037287746152876
0.0759231709143647,-0.931354959423428
-0.824025396604996,-0.472341896949604
-0.431557743193954,0.82295583248688
-0.394959337120766,0.908824680788918
-0.360927633525096,-0.747939311539428
0.488937917328021,0.672631959372047
-0.534179001109237,0.820669412683996
0.833196106666243,-0.1407262641445
-0.615934891901765,0.75153458993305
0.673472598509566,-0.704652396922896
-0.669344440865264,-0.450899611287666
-0.568402388722057,-0.664340248311396
-0.29753852081775,0.750600384443191
0.543172781348367,0.650215123832861
-0.600168301089642,-0.652585761695627
0.305884839769393,-0.949418010277281
-0.826162618824039,0.124307028696133
-0.791289438518292,0.529321285244959
0.244422524213567,0.873368150277717
0.157166073377579,0.907361270403665
0.0333302794540013,0.83120580636364
0.0371036946793724,-0.950661285710998
0.680703695833182,-0.702117226952508
0.396853432308062,0.884197648101767
0.652831460737545,-0.560436436029138
-0.376301050942738,0.779499512716948
0.635882583987553,0.535008115683705
-0.133106236661604,0.806750859738058
-0.234042135816356,0.788211925478615
-0.177267770025599,-0.949977059503046
0.743142587486749,0.56161951526436
-0.451423449184773,0.829634509496914
0.595885972095004,-0.711406787151163
-0.883142896899184,-0.128356535219881
-0.578993221070817,0.6082883314575
-0.0065099727109354,0.819139047710591
-0.692048706034202,-0.518703718299626
-0.463779377738548,-0.713873351117993
0.826354897251258,0.156409945355895
0.550675192127249,0.694976896114168
0.956725895033552,-0.00228324838906178
0.605495733446108,0.630052698256737
-0.837650908682958,0.00999075341530083
-0.81063803484615,-0.482390533765127
0.700615896856621,0.665773348653696
0.985730010547245,0.148615476623788
0.914301793967915,-0.299955237529074
-0.617572557848475,-0.668443781540563
-0.462606917796668,-0.654786039402669
-0.259550280304896,-0.780472908677576
-0.404228236817388,0.699820759426426
-0.0161826031975107,-0.813531386928589
-0.494860875105982,-0.670754253835328
0.868330845689563,-0.341795153357304
0.962489380353747,0.102522199115202
-0.774553610612293,0.536664076440863
0.842804586378777,-0.369475181812203
0.870025499101564,-0.471824825400479
-0.0612282921228715,-0.948395338395842
0.311626383304088,0.79900571221298
0.885829382800399,-0.151353746447586
-0.184864846089421,-0.842363120909276
-0.302786378630829,0.769551232480652
0.2367427867803,-0.96219210960746
-0.362207684979968,0.880482886866277
0.201127140986598,-0.787364986180903
0.69574078178966,-0.553314442422172
0.958749300850067,0.00615351792204148
0.733515159938181,0.653458201246232
0.220257032939834,0.945170315456638
-0.44781515254959,0.698486152283668
0.879462423513951,0.346059283250676
0.202942030019438,-0.816693839513171
0.868370301957308,0.486038220876026
0.451205000618628,0.868878592551591
0.0580132395855101,-0.804758887043479
0.388995663598174,0.87439753107074
0.577240163877983,0.724231209064565
0.0450761566085533,-0.910580506864289
0.421586333570068,0.882917929163386
0.838825989697841,-0.344708170624724
0.243018457873295,0.905163286028401
-0.216856999937896,0.966701634015372
0.937868228236633,-0.126178181894717
-0.857015191590082,0.134330304017802
-0.105430007065768,0.855635670127635
0.813601776262992,0.213658461510768
0.0276235413640034,-0.915184265199897
0.0271074579522931,0.961287909632869
0.764902615768224,-0.521692620524396
-0.858249354920402,0.218106705511552
-0.151836964544766,-0.858454426130019
0.916884816304727,0.355297432180552
0.828412402050907,0.0614996483285768
-0.700525053111714,0.507235405797817
0.839949351759736,-0.025712669159565
0.88993639921354,-0.382925165133813
-0.144493192221042,-0.881292839639017
0.924373575994064,-0.359775977224389
-0.138001102370964,0.79070198267026
-0.65131192300097,0.50784413119534
0.0709202107530655,0.98020722111775
0.137144704683431,-0.827226871399377
0.808749540781023,0.365705071549571
-0.865227568445348,0.0233084508599885
0.811254602816602,0.497111571457021
-0.60565468998422,-0.580008586054176
-0.383848693275354,0.862158508331835
0.706028264427384,0.461726496122602
0.808620524786407,-0.451501005979282
0.586682981838021,0.695948728653058
0.821515834780261,-0.011053726363021
0.522969350698743,-0.768522592531185
-0.377609614824109,-0.910904675825315
0.820561263828848,-0.375153142484129
-0.802264398366868,-0.389536787320329
-0.198350845780825,0.809068462635884
-0.733550459302172,-0.583925238604984
-0.850575630979892,0.212075723446437
0.0757983926422472,0.910942599559249
0.408495033285999,-0.739009453539111
-0.169733969586091,0.890211657193648
0.588409974961675,-0.594919611603277
0.68178985138158,0.538675169829888
0.574140819532206,0.814665396680131
-0.161052067541879,-0.867397195375077
0.874746105508706,0.334678337068729
0.818132612268002,0.100597873917171
-0.391573810569609,0.811592461050445
-0.398589761647666,-0.863377965320593
0.398968764547185,-0.75606663860676
0.298094367074274,0.782484784564642
0.860398621027613,-0.487207400811733
-0.960275818701202,-0.0806992430635744
-0.513200156567761,-0.699432851140712
-0.360486328266268,0.905756797528592
-0.919645584013171,-0.228319753746208
0.770550417045141,-0.30361944039464
-0.0295970247762712,-0.842852246224515
0.646661157709713,0.557586079896602
0.199943074795954,-0.977432550515803
0.660730036047575,-0.734409831846668
-0.903167776127086,0.0321900191313854
0.542599438049622,-0.810864259274445
0.269839662785911,0.798967488002175
-0.835614146624453,0.520453627069018
-0.93711676091431,-0.287391864487808
-0.820313784872112,0.0819559439535548
0.572656884356346,-0.733641472292313
-0.830455118229318,-0.347550381484886
0.58374588839235,-0.787932489538479
-0.889424782061112,0.36037686219137
-0.481601709680405,0.677346618022559
-0.658185574724801,0.480088225512435
-0.361732174101058,0.746891667394078
0.293829649881173,0.892453223365914
-0.858686171591245,0.405249383972771
0.651031578927896,-0.586141390942753
-0.739059097396423,-0.52910902347067
0.220346419756955,-0.833429751008782
0.842390360336063,0.250716344477503
0.70816171764954,-0.69117866969402
0.264338581524138,0.8845548467314
0.954693166997325,0.130784951785557
0.654865891301036,-0.63447123977335
0.129781538298457,-0.84702938762886
0.549674233793805,-0.789655757613518
0.775134189897226,-0.29893114062552
-0.958946902106877,-0.17710986184344
0.749505922310137,0.410431411061226
0.984935399113803,0.148373855002902
0.6463953419766,0.663437550390772
-0.600790478454799,-0.588276619227397
0.851953623195463,0.310518963375943
0.092960579010196,0.954252399873147
-0.882571790696786,-0.292156500048135
-0.950003028914582,0.0301486945923876
-0.457333673760162,-0.668021491602421
0.843548284993029,-0.0677589349778082
0.791112977916848,0.163013808305858
0.766897730450908,0.291989976459411
0.858959421505587,-0.180493631137186
-0.396723600736273,0.700671774394607
-0.839670427569609,-0.173463842203403
0.804621368835603,-0.55881714251103
0.418706090253408,-0.819220043811575
